GYR_X,GYR_Y,GYR_Z,DATE,UNIX_TIMESTAMP
0.15100112557411194,0.2510027587413788,-0.07683213800191879,2023-05-16T16:01:02.042208Z,1684252862042
0.12543480098247528,0.19987009465694427,-0.08322372287511826,2023-05-16T16:01:02.061756Z,1684252862061
0.10626004636287689,0.04008054360747337,-0.10665952414274216,2023-05-16T16:01:02.081468Z,1684252862081
0.0913463607430458,-0.08135951310396194,-0.09813741594552994,2023-05-16T16:01:02.102374Z,1684252862102
0.09347688406705856,-0.08988162130117416,-0.09920267760753632,2023-05-16T16:01:02.121666Z,1684252862121
0.05938844755291939,0.10506162792444229,-0.058722659945487976,2023-05-16T16:01:02.142069Z,1684252862142
0.03914843872189522,0.18815219402313232,-0.007590003311634064,2023-05-16T16:01:02.162054Z,1684252862161
0.018908429890871048,0.06351634114980698,-0.005459476262331009,2023-05-16T16:01:02.186093Z,1684252862185
0.012516847811639309,-0.17510271072387695,-0.031025802716612816,2023-05-16T16:01:02.203363Z,1684252862203
0.0018642114009708166,-0.41052597761154175,-0.04593949392437935,2023-05-16T16:01:02.222905Z,1684252862222
0.013582111336290836,-0.6352965831756592,-0.03209106624126434,2023-05-16T16:01:02.241685Z,1684252862241
0.007190529722720385,-0.6448839902877808,-0.03741738572716713,2023-05-16T16:01:02.261780Z,1684252862261
-0.004527370445430279,-0.37217649817466736,-0.09920267760753632,2023-05-16T16:01:02.288085Z,1684252862288
-0.06524740159511566,-0.07816372066736221,-0.09281109273433685,2023-05-16T16:01:02.304901Z,1684252862304
-0.09400951862335205,-0.13249216973781586,-0.07789740711450577,2023-05-16T16:01:02.321737Z,1684252862321
-0.10040109604597092,-0.576707124710083,-0.1982721984386444,2023-05-16T16:01:02.341985Z,1684252862341
-0.08868319541215897,-1.0123999118804932,-0.4113249182701111,2023-05-16T16:01:02.362844Z,1684252862362
-0.105727419257164,-1.0986863374710083,-0.6669881939888,2023-05-16T16:01:02.384280Z,1684252862384
-0.1344895362854004,-0.8206524848937988,-0.9279778003692627,2023-05-16T16:01:02.402820Z,1684252862402
-0.11744531989097595,-0.5117260217666626,-1.040895700454712,2023-05-16T16:01:02.422051Z,1684252862421
-0.05139897018671036,-0.6960166096687317,-1.1048115491867065,2023-05-16T16:01:02.442126Z,1684252862442
-0.036485280841588974,-1.4587453603744507,-1.3562138080596924,2023-05-16T16:01:02.461984Z,1684252862461
-0.17496955394744873,-2.269411087036133,-1.8888455629348755,2023-05-16T16:01:02.483150Z,1684252862483
-0.48070022463798523,-2.3993732929229736,-2.5066986083984375,2023-05-16T16:01:02.502164Z,1684252862502
-0.9174582958221436,-1.9114824533462524,-2.8593008518218994,2023-05-16T16:01:02.522410Z,1684252862522
-1.3883048295974731,-1.3341095447540283,-2.8486480712890625,2023-05-16T16:01:02.545072Z,1684252862545
-1.8122798204421997,-0.5564671158790588,-2.693119525909424,2023-05-16T16:01:02.562111Z,1684252862562
-1.9337198734283447,0.7442198395729065,-2.6100289821624756,2023-05-16T16:01:02.593007Z,1684252862592
-1.8868482112884521,2.5423848628997803,-2.5674185752868652,2023-05-16T16:01:02.605923Z,1684252862605
-1.8186713457107544,3.5075137615203857,-2.618551254272461,2023-05-16T16:01:02.622077Z,1684252862622
-1.7813870906829834,3.521362066268921,-2.443847894668579,2023-05-16T16:01:02.644948Z,1684252862644
-1.6205322742462158,3.5139052867889404,-2.434260606765747,2023-05-16T16:01:02.662220Z,1684252862662
-1.3765869140625,3.6321494579315186,-3.085136651992798,2023-05-16T16:01:02.699581Z,1684252862699
-1.205079436302185,2.637193202972412,-3.5378737449645996,2023-05-16T16:01:02.704006Z,1684252862703
-0.9867004752159119,0.9796430468559265,-3.7306864261627197,2023-05-16T16:01:02.726477Z,1684252862726
-0.9302414655685425,0.09867004305124283,-3.9810233116149902,2023-05-16T16:01:02.743438Z,1684252862743
-0.9291762113571167,-0.4265049397945404,-4.10139799118042,2023-05-16T16:01:02.763467Z,1684252862763
-1.0005488395690918,-0.7588672041893005,-4.007655143737793,2023-05-16T16:01:02.796340Z,1684252862796
-1.0900310277938843,-0.8302398324012756,-3.7530570030212402,2023-05-16T16:01:02.804411Z,1684252862804
-1.2072100639343262,-0.7982819676399231,-3.0510482788085938,2023-05-16T16:01:02.827399Z,1684252862827
-1.5512901544570923,-1.2893685102462769,-2.8774101734161377,2023-05-16T16:01:02.845955Z,1684252862845
-1.9156103134155273,-2.0915119647979736,-3.09472393989563,2023-05-16T16:01:02.862732Z,1684252862862
-2.1446421146392822,-2.973550319671631,-3.207642078399658,2023-05-16T16:01:02.891616Z,1684252862891
-2.230928421020508,-2.352501630783081,-3.471827268600464,2023-05-16T16:01:02.906594Z,1684252862906
-2.528136968612671,-0.2816290855407715,-3.7157726287841797,2023-05-16T16:01:02.922376Z,1684252862922
-2.528136968612671,0.15512901544570923,-3.4281516075134277,2023-05-16T16:01:02.943989Z,1684252862943
-2.3129537105560303,-0.275237500667572,-2.770883798599243,2023-05-16T16:01:02.963128Z,1684252862962
-2.2074925899505615,0.5567334294319153,-2.5812668800354004,2023-05-16T16:01:02.997058Z,1684252862996
-1.9987008571624756,1.8979003429412842,-2.653704881668091,2023-05-16T16:01:03.003445Z,1684252863003
-1.577921748161316,2.6403892040252686,-2.2297298908233643,2023-05-16T16:01:03.023440Z,1684252863023
-1.1102709770202637,2.071538209915161,-1.6449002027511597,2023-05-16T16:01:03.044944Z,1684252863044
-0.6958834528923035,1.017992615699768,-1.6502265930175781,2023-05-16T16:01:03.062850Z,1684252863062
-0.4434159994125366,0.15939007699489594,-1.9080203771591187,2023-05-16T16:01:03.097156Z,1684252863097
-0.24527695775032043,-0.0025300011038780212,-1.5852454900741577,2023-05-16T16:01:03.103320Z,1684252863103
0.08495477586984634,0.04647212475538254,-0.642487108707428,2023-05-16T16:01:03.124957Z,1684252863124
0.6271739602088928,-0.36791542172431946,0.19054903090000153,2023-05-16T16:01:03.142717Z,1684252863142
0.8679235577583313,-1.4619412422180176,1.0065410137176514,2023-05-16T16:01:03.163347Z,1684252863163
1.4122732877731323,-3.0545103549957275,1.2707263231277466,2023-05-16T16:01:03.194406Z,1684252863194
1.8117471933364868,-3.597794771194458,1.4912359714508057,2023-05-16T16:01:03.210438Z,1684252863210
2.3070948123931885,-3.296325206756592,2.3594257831573486,2023-05-16T16:01:03.222766Z,1684252863222
3.053844451904297,-2.740257501602173,3.588740110397339,2023-05-16T16:01:03.245871Z,1684252863245
3.65891432762146,-2.341848850250244,4.133089542388916,2023-05-16T16:01:03.263714Z,1684252863263
4.386489391326904,-2.897916555404663,4.435624599456787,2023-05-16T16:01:03.291459Z,1684252863291
5.214199066162109,-3.732017993927002,4.634829044342041,2023-05-16T16:01:03.306226Z,1684252863306
5.861879348754883,-2.897916555404663,4.338685512542725,2023-05-16T16:01:03.324370Z,1684252863324
6.163349151611328,-0.7972166538238525,4.307793140411377,2023-05-16T16:01:03.344731Z,1684252863344
6.352965831756592,-0.4595280885696411,5.080109119415283,2023-05-16T16:01:03.367010Z,1684252863366
6.318877696990967,-0.6044039726257324,5.200483798980713,2023-05-16T16:01:03.394016Z,1684252863393
6.29331111907959,-0.4275701940059662,5.047085762023926,2023-05-16T16:01:03.405223Z,1684252863405
6.3795976638793945,-0.3231743574142456,5.099283695220947,2023-05-16T16:01:03.423056Z,1684252863422
6.374271392822266,-0.18469008803367615,5.066260814666748,2023-05-16T16:01:03.445325Z,1684252863445
6.3156819343566895,-0.08668582886457443,5.0683913230896,2023-05-16T16:01:03.463467Z,1684252863463
6.216612339019775,0.3308975100517273,4.703005790710449,2023-05-16T16:01:03.500126Z,1684252863500
5.886380672454834,0.9061399102210999,4.216180324554443,2023-05-16T16:01:03.504935Z,1684252863504
5.393163681030273,1.4739253520965576,3.9221675395965576,2023-05-16T16:01:03.524686Z,1684252863524
5.072519302368164,2.0150792598724365,3.6366770267486572,2023-05-16T16:01:03.544405Z,1684252863544
4.844552516937256,2.3719427585601807,3.24039888381958,2023-05-16T16:01:03.565741Z,1684252863565
4.506864070892334,2.975947141647339,2.8867313861846924,2023-05-16T16:01:03.594390Z,1684252863594
3.857053279876709,3.2752861976623535,2.7013754844665527,2023-05-16T16:01:03.607123Z,1684252863607
3.02295184135437,3.297656774520874,2.5085628032684326,2023-05-16T16:01:03.623498Z,1684252863623
2.4519705772399902,3.1698250770568848,2.387122631072998,2023-05-16T16:01:03.646181Z,1684252863646
2.1931114196777344,3.0973870754241943,2.0728697776794434,2023-05-16T16:01:03.663774Z,1684252863663
1.8596839904785156,2.954641819000244,1.8896445035934448,2023-05-16T16:01:03.686621Z,1684252863686
1.4868416786193848,2.597778558731079,1.7927055358886719,2023-05-16T16:01:03.703791Z,1684252863703
1.1970900297164917,1.8584855794906616,1.5572823286056519,2023-05-16T16:01:03.724124Z,1684252863724
0.9552751779556274,1.3642032146453857,1.130111575126648,2023-05-16T16:01:03.743750Z,1684252863743
0.7837677001953125,1.346093773841858,0.7764440178871155,2023-05-16T16:01:03.763821Z,1684252863763
0.6431529521942139,1.1415631771087646,0.5452818274497986,2023-05-16T16:01:03.784592Z,1684252863784
0.5153213143348694,0.4992091655731201,0.26937854290008545,2023-05-16T16:01:03.803737Z,1684252863803
0.3693801760673523,-0.17190691828727722,-0.035286858677864075,2023-05-16T16:01:03.823824Z,1684252863823
0.20319904386997223,-0.5692502856254578,-0.359127014875412,2023-05-16T16:01:03.847048Z,1684252863847
-0.03328948840498924,-0.5010733604431152,-0.7000113725662231,2023-05-16T16:01:03.865123Z,1684252863865
-0.20160114765167236,-0.5788376331329346,-0.8534093499183655,2023-05-16T16:01:03.885210Z,1684252863885
-0.3454117476940155,-0.970854640007019,-1.0078725814819336,2023-05-16T16:01:03.904978Z,1684252863904
-0.5030707716941833,-1.6739286184310913,-1.2060116529464722,2023-05-16T16:01:03.923892Z,1684252863923
-0.6735129356384277,-2.1660804748535156,-1.4510222673416138,2023-05-16T16:01:03.943931Z,1684252863943
-0.9281109571456909,-1.9796593189239502,-1.6576833724975586,2023-05-16T16:01:03.964493Z,1684252863964
-1.1028141975402832,-1.9072214365005493,-1.5703318119049072,2023-05-16T16:01:03.986507Z,1684252863986
-1.2839089632034302,-2.27260684967041,-1.5415695905685425,2023-05-16T16:01:04.004970Z,1684252864004
-1.8250629901885986,-2.0979034900665283,-1.8632792234420776,2023-05-16T16:01:04.024071Z,1684252864024
-2.457829475402832,-0.7940208911895752,-2.42360782623291,2023-05-16T16:01:04.045151Z,1684252864045
-2.6794042587280273,-0.18149429559707642,-2.468348979949951,2023-05-16T16:01:04.066474Z,1684252864066
-2.8083012104034424,-0.8547409176826477,-2.4417173862457275,2023-05-16T16:01:04.086769Z,1684252864086
-3.0256149768829346,-1.5642064809799194,-2.9381303787231445,2023-05-16T16:01:04.104239Z,1684252864104
-3.16196870803833,-1.9200046062469482,-3.5272209644317627,2023-05-16T16:01:04.124305Z,1684252864124
-3.171556234359741,-1.6483622789382935,-3.720033884048462,2023-05-16T16:01:04.145434Z,1684252864145
-3.1406636238098145,-1.5482275485992432,-3.4089767932891846,2023-05-16T16:01:04.171451Z,1684252864171
-3.0597035884857178,-1.943440318107605,-3.5783536434173584,2023-05-16T16:01:04.186043Z,1684252864185
-3.1960573196411133,-2.16501522064209,-4.0694403648376465,2023-05-16T16:01:04.205626Z,1684252864205
-3.331345796585083,-1.620665431022644,-4.032155990600586,2023-05-16T16:01:04.226876Z,1684252864226
-3.4538509845733643,-0.7290397882461548,-3.8798234462738037,2023-05-16T16:01:04.246734Z,1684252864246
-3.5369415283203125,-0.5969471335411072,-3.8169727325439453,2023-05-16T16:01:04.282787Z,1684252864282
-3.4123058319091797,-1.164732575416565,-3.743469476699829,2023-05-16T16:01:04.286277Z,1684252864286
-3.2482552528381348,-1.7144086360931396,-4.00339412689209,2023-05-16T16:01:04.305477Z,1684252864305
-3.2301456928253174,-1.306412696838379,-4.116312026977539,2023-05-16T16:01:04.325675Z,1684252864325
-3.2333414554595947,0.10399636626243591,-3.869170665740967,2023-05-16T16:01:04.344341Z,1684252864344
-3.1289455890655518,0.7996135354042053,-3.248121976852417,2023-05-16T16:01:04.364395Z,1684252864364
-2.948915958404541,0.6472808122634888,-3.0158944129943848,2023-05-16T16:01:04.388992Z,1684252864388
-2.736928701400757,-0.25073641538619995,-3.1128334999084473,2023-05-16T16:01:04.404549Z,1684252864404
-2.6442506313323975,-1.2062779664993286,-3.222555637359619,2023-05-16T16:01:04.424394Z,1684252864424
-2.6154885292053223,-0.916526198387146,-3.272623062133789,2023-05-16T16:01:04.446619Z,1684252864446
-2.5196149349212646,-0.38602492213249207,-2.860366106033325,2023-05-16T16:01:04.473278Z,1684252864473
-2.4269368648529053,-0.19747324287891388,-2.4310648441314697,2023-05-16T16:01:04.486053Z,1684252864485
-2.478069543838501,-0.13142690062522888,-2.240382671356201,2023-05-16T16:01:04.504467Z,1684252864504
-2.516418933868408,-0.42543965578079224,-2.0358519554138184,2023-05-16T16:01:04.525053Z,1684252864524
-2.606966495513916,-0.43928807973861694,-1.9016287326812744,2023-05-16T16:01:04.544817Z,1684252864544
-2.6889917850494385,-0.35832804441452026,-1.7833844423294067,2023-05-16T16:01:04.575627Z,1684252864575
-2.651707410812378,-0.021704746410250664,-1.935717225074768,2023-05-16T16:01:04.586684Z,1684252864586
-2.621880054473877,0.5194491744041443,-2.05289626121521,2023-05-16T16:01:04.604785Z,1684252864604
-2.516418933868408,0.7633945345878601,-2.048635244369507,2023-05-16T16:01:04.624812Z,1684252864624
-2.4556989669799805,0.7463503479957581,-1.958087682723999,2023-05-16T16:01:04.644943Z,1684252864644
-2.2724735736846924,0.8677904009819031,-2.0411782264709473,2023-05-16T16:01:04.665048Z,1684252864664
-2.2074925899505615,1.1809779405593872,-1.9932414293289185,2023-05-16T16:01:04.686358Z,1684252864686
-2.1233367919921875,0.9423588514328003,-1.6651402711868286,2023-05-16T16:01:04.705558Z,1684252864705
-2.0445072650909424,0.6952176690101624,-1.3136032819747925,2023-05-16T16:01:04.724860Z,1684252864724
-1.895370364189148,0.6110618710517883,-1.028112530708313,2023-05-16T16:01:04.745305Z,1684252864745
-1.62692391872406,0.5205144286155701,-0.8246471881866455,2023-05-16T16:01:04.765110Z,1684252864765
-1.4628733396530151,0.43103229999542236,-0.6819018721580505,2023-05-16T16:01:04.786376Z,1684252864786
-1.359542727470398,0.051798444241285324,-0.5114597082138062,2023-05-16T16:01:04.805715Z,1684252864805
-1.0346373319625854,-0.34447962045669556,-0.4432828426361084,2023-05-16T16:01:04.826421Z,1684252864826
-0.5701823830604553,-0.47124600410461426,-0.5253081321716309,2023-05-16T16:01:04.846360Z,1684252864846
-0.07590003311634064,-0.5063996911048889,-0.49335023760795593,2023-05-16T16:01:04.865301Z,1684252864865
0.34381383657455444,-0.8600672483444214,0.186287984251976,2023-05-16T16:01:04.885139Z,1684252864885
0.72304767370224,-0.6800376772880554,0.9713872671127319,2023-05-16T16:01:04.906539Z,1684252864906
1.1012163162231445,-0.09414267539978027,1.5082801580429077,2023-05-16T16:01:04.925827Z,1684252864925
1.7670060396194458,-0.07070687413215637,1.9226677417755127,2023-05-16T16:01:04.945715Z,1684252864945
2.4658191204071045,-0.5063996911048889,2.317880630493164,2023-05-16T16:01:04.970432Z,1684252864970
3.1891329288482666,-1.1988210678100586,2.898449182510376,2023-05-16T16:01:04.985700Z,1684252864985
4.143609046936035,-2.0765984058380127,3.747464418411255,2023-05-16T16:01:05.005385Z,1684252865005
5.209938049316406,-3.0012471675872803,4.529367923736572,2023-05-16T16:01:05.025409Z,1684252865025
5.877858638763428,-3.071554660797119,4.873447895050049,2023-05-16T16:01:05.047372Z,1684252865047
6.590519905090332,-3.727756977081299,4.828706741333008,2023-05-16T16:01:05.070267Z,1684252865070
7.404381275177002,-4.3488054275512695,4.708332061767578,2023-05-16T16:01:05.086329Z,1684252865086
8.332225799560547,-3.8396096229553223,4.377035140991211,2023-05-16T16:01:05.106063Z,1684252865105
8.93942642211914,-2.223604679107666,3.900862216949463,2023-05-16T16:01:05.127045Z,1684252865127
9.259005546569824,-1.8113477230072021,3.9264285564422607,2023-05-16T16:01:05.149114Z,1684252865149
9.148218154907227,-0.8099998235702515,3.334141969680786,2023-05-16T16:01:05.182506Z,1684252865182
8.877640724182129,0.9412935972213745,3.046520948410034,2023-05-16T16:01:05.185869Z,1684252865185
8.367379188537598,2.037449836730957,3.0933923721313477,2023-05-16T16:01:05.209691Z,1684252865209
7.716503620147705,2.6691513061523438,2.9889965057373047,2023-05-16T16:01:05.226281Z,1684252865226
7.034734725952148,2.8939218521118164,2.9410598278045654,2023-05-16T16:01:05.247519Z,1684252865247
6.399837493896484,3.0132312774658203,2.884600877761841,2023-05-16T16:01:05.289956Z,1684252865289
5.846965789794922,2.996187210083008,2.783400774002075,2023-05-16T16:01:05.291440Z,1684252865291
5.290898323059082,3.158107280731201,2.502171039581299,2023-05-16T16:01:05.307158Z,1684252865307
4.711394786834717,3.2752861976623535,2.3359899520874023,2023-05-16T16:01:05.328101Z,1684252865328
4.3002028465271,3.3754210472106934,2.0291941165924072,2023-05-16T16:01:05.345802Z,1684252865345
3.8549227714538574,3.377551555633545,1.946103572845459,2023-05-16T16:01:05.386976Z,1684252865386
3.3127036094665527,3.1165618896484375,1.8438382148742676,2023-05-16T16:01:05.388274Z,1684252865388
2.7875285148620605,2.791656494140625,1.6318507194519043,2023-05-16T16:01:05.408383Z,1684252865408
2.323073625564575,2.4070963859558105,1.5178675651550293,2023-05-16T16:01:05.427394Z,1684252865427
1.7925723791122437,2.0065572261810303,1.4923012256622314,2023-05-16T16:01:05.445968Z,1684252865445
1.2109384536743164,2.003361463546753,1.313336968421936,2023-05-16T16:01:05.485628Z,1684252865485
0.8178561329841614,2.3485069274902344,0.987366259098053,2023-05-16T16:01:05.486909Z,1684252865486
0.6857634782791138,2.4284017086029053,0.8307724595069885,2023-05-16T16:01:05.505955Z,1684252865505
0.3842938542366028,2.0747342109680176,0.6496776342391968,2023-05-16T16:01:05.528377Z,1684252865528
-0.017310533672571182,1.4590116739273071,0.4174501895904541,2023-05-16T16:01:05.547837Z,1684252865547
-0.2996053993701935,0.7910913825035095,0.10532794147729874,2023-05-16T16:01:05.583199Z,1684252865583
-0.5819002389907837,0.7633945345878601,-0.24407853186130524,2023-05-16T16:01:05.587134Z,1684252865587
-0.8258456587791443,0.8145272135734558,-0.3825628161430359,2023-05-16T16:01:05.608450Z,1684252865608
-1.0080057382583618,0.7090660929679871,-0.44008705019950867,2023-05-16T16:01:05.627676Z,1684252865627
-1.1358373165130615,0.6472808122634888,-0.566853404045105,2023-05-16T16:01:05.648611Z,1684252865648
-1.225319504737854,0.4992091655731201,-0.809733510017395,2023-05-16T16:01:05.683504Z,1684252865683
-1.2700605392456055,0.15725953876972198,-1.0462220907211304,2023-05-16T16:01:05.686960Z,1684252865686
-1.299888014793396,-0.2486059069633484,-1.321060061454773,2023-05-16T16:01:05.708314Z,1684252865708
-1.3946964740753174,-0.4701807498931885,-1.6672707796096802,2023-05-16T16:01:05.726644Z,1684252865726
-1.5544859170913696,-0.6203829050064087,-2.0156118869781494,2023-05-16T16:01:05.747731Z,1684252865747
-1.6801871061325073,-0.7130608558654785,-2.369279384613037,2023-05-16T16:01:05.782159Z,1684252865781
-1.6599470376968384,-0.6704503297805786,-2.572744846343994,2023-05-16T16:01:05.788428Z,1684252865788
-1.6556860208511353,-0.3572627902030945,-2.7037723064422607,2023-05-16T16:01:05.806172Z,1684252865806
-1.7323850393295288,-0.2677806615829468,-2.6462481021881104,2023-05-16T16:01:05.828178Z,1684252865828
-1.694035530090332,-0.4893554747104645,-2.7485134601593018,2023-05-16T16:01:05.846914Z,1684252865846
-1.664208173751831,-0.5660544633865356,-3.2161641120910645,2023-05-16T16:01:05.882566Z,1684252865882
-1.6514250040054321,-0.9037430286407471,-3.2310776710510254,2023-05-16T16:01:05.887713Z,1684252865887
-1.6226627826690674,-0.6800376772880554,-3.147987127304077,2023-05-16T16:01:05.911191Z,1684252865911
-1.645033359527588,-0.8089345693588257,-2.9285428524017334,2023-05-16T16:01:05.927720Z,1684252865927
-1.66953444480896,-1.2542147636413574,-2.871018648147583,2023-05-16T16:01:05.948662Z,1684252865948
-1.6088143587112427,-1.6611454486846924,-3.238534688949585,2023-05-16T16:01:05.976732Z,1684252865976
-1.4927006959915161,-2.0584888458251953,-3.566635847091675,2023-05-16T16:01:05.991117Z,1684252865991
-1.5374417304992676,-1.7580845355987549,-3.5229599475860596,2023-05-16T16:01:06.007064Z,1684252866006
-1.6705996990203857,-1.4630064964294434,-3.306711435317993,2023-05-16T16:01:06.029086Z,1684252866029
-1.7078839540481567,-1.6494275331497192,-3.173553466796875,2023-05-16T16:01:06.046730Z,1684252866046
-1.8026924133300781,-1.8880466222763062,-3.332277774810791,2023-05-16T16:01:06.076549Z,1684252866076
-1.9134798049926758,-2.2161478996276855,-3.361039876937866,2023-05-16T16:01:06.090028Z,1684252866089
-2.0540945529937744,-2.4334616661071777,-3.2545135021209717,2023-05-16T16:01:06.108879Z,1684252866108
-2.1627514362335205,-2.581533193588257,-3.2747535705566406,2023-05-16T16:01:06.127254Z,1684252866126
-2.160620927810669,-2.2001688480377197,-3.4143030643463135,2023-05-16T16:01:06.146760Z,1684252866146
-2.0977704524993896,-1.310673713684082,-3.3589093685150146,2023-05-16T16:01:06.176348Z,1684252866176
-2.10522723197937,-0.9687241315841675,-3.054244041442871,2023-05-16T16:01:06.188147Z,1684252866188
-2.1094882488250732,-1.1998863220214844,-3.0510482788085938,2023-05-16T16:01:06.206913Z,1684252866206
-2.135054588317871,-1.6664718389511108,-3.2992546558380127,2023-05-16T16:01:06.229051Z,1684252866228
-2.2266674041748047,-1.3490232229232788,-3.5186989307403564,2023-05-16T16:01:06.250022Z,1684252866249
-2.377934694290161,-1.2350400686264038,-3.10963773727417,2023-05-16T16:01:06.282002Z,1684252866281
-2.5110926628112793,-1.2382358312606812,-2.706968069076538,2023-05-16T16:01:06.288081Z,1684252866288
-2.677273750305176,-1.5684674978256226,-2.553570032119751,2023-05-16T16:01:06.312155Z,1684252866312
-2.840259075164795,-1.8411750793457031,-2.569549083709717,2023-05-16T16:01:06.326842Z,1684252866326
-3.003244638442993,-0.9889641404151917,-2.6696839332580566,2023-05-16T16:01:06.347432Z,1684252866347
-3.0703561305999756,-0.6619281768798828,-2.306428909301758,2023-05-16T16:01:06.382851Z,1684252866382
-3.1790130138397217,-0.6693850159645081,-2.117877244949341,2023-05-16T16:01:06.386960Z,1684252866386
-3.3047142028808594,-1.0369009971618652,-2.022003650665283,2023-05-16T16:01:06.407412Z,1684252866407
-3.45491623878479,-0.9900293946266174,-1.9985677003860474,2023-05-16T16:01:06.427275Z,1684252866427
-3.6029880046844482,-0.5149217844009399,-1.8409087657928467,2023-05-16T16:01:06.448886Z,1684252866448
-3.6210973262786865,-0.3412838280200958,-1.6129423379898071,2023-05-16T16:01:06.479846Z,1684252866479
-3.6850132942199707,-0.15273217856884003,-1.5255906581878662,2023-05-16T16:01:06.491789Z,1684252866491
-3.66264271736145,-0.06751108169555664,-1.4009548425674438,2023-05-16T16:01:06.507192Z,1684252866507
-3.5230932235717773,0.23502379655838013,-1.350887417793274,2023-05-16T16:01:06.527112Z,1684252866527
-3.351585626602173,0.5844302773475647,-1.388171672821045,2023-05-16T16:01:06.547571Z,1684252866547
-3.1545119285583496,0.3032006621360779,-1.4137380123138428,2023-05-16T16:01:06.574864Z,1684252866574
-2.935067653656006,-0.3008038103580475,-1.4904370307922363,2023-05-16T16:01:06.592197Z,1684252866592
-2.74118971824646,-0.28908592462539673,-1.6747275590896606,2023-05-16T16:01:06.607780Z,1684252866607
-2.5292022228240967,0.08375635743141174,-1.6832497119903564,2023-05-16T16:01:06.627557Z,1684252866627
-2.1989705562591553,0.37563860416412354,-1.3668663501739502,2023-05-16T16:01:06.649257Z,1684252866649
-1.8346502780914307,0.22543641924858093,-0.7607313990592957,2023-05-16T16:01:06.681944Z,1684252866681
-1.5086796283721924,0.2786996066570282,-0.3996070325374603,2023-05-16T16:01:06.687741Z,1684252866687
-1.0815088748931885,0.35113751888275146,-0.3442133069038391,2023-05-16T16:01:06.712471Z,1684252866712
-0.6159886717796326,-0.03129211813211441,-0.23449115455150604,2023-05-16T16:01:06.729950Z,1684252866729
-0.12383689731359482,-0.45207124948501587,0.1394163817167282,2023-05-16T16:01:06.749494Z,1684252866749
0.6623276472091675,-1.0720547437667847,0.5676523447036743,2023-05-16T16:01:06.774906Z,1684252866774
1.5219954252243042,-1.24356210231781,0.7231808304786682,2023-05-16T16:01:06.787687Z,1684252866787
2.2943115234375,-0.832370400428772,1.0076062679290771,2023-05-16T16:01:06.809708Z,1684252866809
3.0165603160858154,-0.4925512671470642,1.6222633123397827,2023-05-16T16:01:06.827685Z,1684252866827
3.857053279876709,-0.803608238697052,2.1666131019592285,2023-05-16T16:01:06.850333Z,1684252866850
4.840291500091553,-1.804956078529358,2.5149543285369873,2023-05-16T16:01:06.882881Z,1684252866882
5.846965789794922,-2.4206783771514893,2.8750133514404297,2023-05-16T16:01:06.890806Z,1684252866890
6.75883150100708,-2.3397183418273926,3.309640884399414,2023-05-16T16:01:06.913459Z,1684252866913
7.686676025390625,-2.3365225791931152,3.58341383934021,2023-05-16T16:01:06.929319Z,1684252866929
8.547409057617188,-3.15144944190979,3.4374725818634033,2023-05-16T16:01:06.947732Z,1684252866947
9.164196968078613,-2.8158912658691406,2.8654260635375977,2023-05-16T16:01:06.977062Z,1684252866976
9.419859886169434,-0.7333008646965027,2.2912490367889404,2023-05-16T16:01:06.995237Z,1684252866995
9.554082870483398,-0.08135951310396194,2.2209415435791016,2023-05-16T16:01:07.009305Z,1684252867009
9.414533615112305,0.2456764280796051,1.7852487564086914,2023-05-16T16:01:07.030403Z,1684252867030
8.943687438964844,1.7690033912658691,1.5647391080856323,2023-05-16T16:01:07.050021Z,1684252867049
8.290680885314941,2.703239679336548,1.586044430732727,2023-05-16T16:01:07.083544Z,1684252867083
7.506646633148193,3.242263078689575,1.6137412786483765,2023-05-16T16:01:07.089903Z,1684252867089
6.719416618347168,3.6065831184387207,1.7724655866622925,2023-05-16T16:01:07.110040Z,1684252867109
5.947100639343262,3.8558549880981445,1.6137412786483765,2023-05-16T16:01:07.130807Z,1684252867130
5.226982593536377,3.5277535915374756,1.955690860748291,2023-05-16T16:01:07.152036Z,1684252867151
4.602737903594971,3.316831588745117,2.4393205642700195,2023-05-16T16:01:07.169789Z,1684252867169
4.2011332511901855,3.625757932662964,2.2102890014648438,2023-05-16T16:01:07.190751Z,1684252867190
3.9880807399749756,3.655585289001465,2.1655478477478027,2023-05-16T16:01:07.210694Z,1684252867210
3.5822153091430664,3.079277753829956,2.373274326324463,2023-05-16T16:01:07.230218Z,1684252867230
3.0911288261413574,2.6265406608581543,2.3445122241973877,2023-05-16T16:01:07.250284Z,1684252867250
2.741722345352173,2.6691513061523438,2.194309949874878,2023-05-16T16:01:07.276690Z,1684252867276
2.4849936962127686,2.0853867530822754,2.173004627227783,2023-05-16T16:01:07.292461Z,1684252867292
2.1984379291534424,1.874464511871338,2.0089540481567383,2023-05-16T16:01:07.309950Z,1684252867309
1.8564882278442383,2.047037363052368,1.8086844682693481,2023-05-16T16:01:07.331226Z,1684252867331
1.5337133407592773,2.200435161590576,1.4315811395645142,2023-05-16T16:01:07.368262Z,1684252867368
1.196024775505066,2.290982723236084,0.9511472582817078,2023-05-16T16:01:07.371392Z,1684252867371
0.8455530405044556,1.8765950202941895,0.631568193435669,2023-05-16T16:01:07.391746Z,1684252867391
0.5834981799125671,1.404683232307434,0.3982754349708557,2023-05-16T16:01:07.410039Z,1684252867409
0.31505173444747925,1.0542114973068237,0.057391077280044556,2023-05-16T16:01:07.430788Z,1684252867430
-0.029028434306383133,0.7069355845451355,-0.27710169553756714,2023-05-16T16:01:07.469468Z,1684252867469
-0.2889527678489685,0.37563860416412354,-0.4283691346645355,2023-05-16T16:01:07.471816Z,1684252867471
-0.39547911286354065,0.03262370079755783,-0.47950178384780884,2023-05-16T16:01:07.492410Z,1684252867492
-0.5371592044830322,-0.0739026665687561,-0.6744450330734253,2023-05-16T16:01:07.511907Z,1684252867511
-0.7874961495399475,-0.09201214462518692,-0.9237167239189148,2023-05-16T16:01:07.531277Z,1684252867531
-0.9856351613998413,-0.3753722608089447,-1.0142641067504883,2023-05-16T16:01:07.567689Z,1684252867567
-1.1986879110336304,-1.0369009971618652,-1.028112530708313,2023-05-16T16:01:07.574856Z,1684252867574
-1.3872395753860474,-1.682450771331787,-1.1463568210601807,2023-05-16T16:01:07.590548Z,1684252867590
-1.5981618165969849,-1.8933730125427246,-1.3689969778060913,2023-05-16T16:01:07.610299Z,1684252867610
-1.9134798049926758,-1.8848508596420288,-1.4531527757644653,2023-05-16T16:01:07.631608Z,1684252867631
-2.1574251651763916,-2.204429864883423,-1.308276891708374,2023-05-16T16:01:07.663303Z,1684252867663
-2.3374547958374023,-2.6678197383880615,-1.2219905853271484,2023-05-16T16:01:07.677471Z,1684252867677
-2.586726427078247,-2.6582322120666504,-1.4062811136245728,2023-05-16T16:01:07.689937Z,1684252867689
-2.9329371452331543,-2.6369268894195557,-1.571397066116333,2023-05-16T16:01:07.710259Z,1684252867710
-3.08420467376709,-2.641188144683838,-1.6502265930175781,2023-05-16T16:01:07.730597Z,1684252867730
-3.018158197402954,-2.7423880100250244,-1.546895980834961,2023-05-16T16:01:07.749146Z,1684252867749
-2.9265456199645996,-2.5485100746154785,-1.437173843383789,2023-05-16T16:01:07.770263Z,1684252867770
-2.9169580936431885,-2.37274169921875,-1.3679317235946655,2023-05-16T16:01:07.789898Z,1684252867789
-3.133206605911255,-2.3748722076416016,-1.308276891708374,2023-05-16T16:01:07.809267Z,1684252867809
-3.31217098236084,-2.5197479724884033,-1.4243906736373901,2023-05-16T16:01:07.830157Z,1684252867830
-3.459177255630493,-2.4142868518829346,-1.618268609046936,2023-05-16T16:01:07.850243Z,1684252867850
-3.549724817276001,-1.6558191776275635,-1.831321358680725,2023-05-16T16:01:07.869548Z,1684252867869
-3.6306848526000977,-1.4246569871902466,-2.012416124343872,2023-05-16T16:01:07.889958Z,1684252867889
-3.5827479362487793,-1.7431707382202148,-1.6768581867218018,2023-05-16T16:01:07.909276Z,1684252867909
-3.5923352241516113,-2.0829899311065674,-1.496828556060791,2023-05-16T16:01:07.929600Z,1684252867929
-3.7947354316711426,-1.3735243082046509,-1.8526266813278198,2023-05-16T16:01:07.949357Z,1684252867949
-3.9598512649536133,-0.6448839902877808,-2.0550267696380615,2023-05-16T16:01:07.971272Z,1684252867971
-3.9044575691223145,-0.5554018020629883,-1.6598138809204102,2023-05-16T16:01:07.990810Z,1684252867990
-3.7947354316711426,-0.8110650777816772,-1.2603400945663452,2023-05-16T16:01:08.009478Z,1684252868009
-3.7894091606140137,-1.0294440984725952,-1.3061463832855225,2023-05-16T16:01:08.031020Z,1684252868030
-3.8192365169525146,-1.1061431169509888,-1.4851106405258179,2023-05-16T16:01:08.056068Z,1684252868056
-3.9982006549835205,-1.0912294387817383,-1.283775806427002,2023-05-16T16:01:08.071457Z,1684252868071
-4.0983357429504395,-1.2520842552185059,-1.1101378202438354,2023-05-16T16:01:08.089554Z,1684252868089
-4.077030181884766,-1.1636673212051392,-1.399889588356018,2023-05-16T16:01:08.111505Z,1684252868111
-4.130293369293213,-0.2869553864002228,-1.6811192035675049,2023-05-16T16:01:08.129535Z,1684252868129
-4.10579252243042,-0.10799109935760498,-1.4872411489486694,2023-05-16T16:01:08.150436Z,1684252868150
-4.179295539855957,-0.16977639496326447,-1.1910978555679321,2023-05-16T16:01:08.172907Z,1684252868172
-4.180360794067383,-0.37217649817466736,-1.17405366897583,2023-05-16T16:01:08.189783Z,1684252868189
-4.096205234527588,-0.2613890767097473,-1.4414348602294922,2023-05-16T16:01:08.209830Z,1684252868209
-4.090878486633301,0.27763432264328003,-1.4350433349609375,2023-05-16T16:01:08.230295Z,1684252868230
-4.000331401824951,0.4917523264884949,-1.2869716882705688,2023-05-16T16:01:08.256477Z,1684252868256
-3.892739772796631,0.43103229999542236,-1.1825758218765259,2023-05-16T16:01:08.273438Z,1684252868273
-3.7862133979797363,0.1796300858259201,-1.0888326168060303,2023-05-16T16:01:08.290014Z,1684252868289
-3.673295259475708,-0.0153131652623415,-1.0632662773132324,2023-05-16T16:01:08.309477Z,1684252868309
-3.4922006130218506,-0.06218476593494415,-1.2763190269470215,2023-05-16T16:01:08.331970Z,1684252868331
-3.3547816276550293,-0.21877852082252502,-1.3317127227783203,2023-05-16T16:01:08.360453Z,1684252868360
-3.153446674346924,-0.48083338141441345,-1.2230558395385742,2023-05-16T16:01:08.370479Z,1684252868370
-2.943589687347412,-0.7258440256118774,-1.085636854171753,2023-05-16T16:01:08.391543Z,1684252868391
-2.779539108276367,-0.41052597761154175,-0.8715187907218933,2023-05-16T16:01:08.410070Z,1684252868409
-2.4599599838256836,0.19987009465694427,-0.6371608376502991,2023-05-16T16:01:08.432519Z,1684252868432
-2.080726146697998,0.600409209728241,-0.43582597374916077,2023-05-16T16:01:08.463499Z,1684252868463
-1.5512901544570923,0.5780386924743652,-0.2217079997062683,2023-05-16T16:01:08.478726Z,1684252868478
-0.9345025420188904,0.10399636626243591,-0.02889527566730976,2023-05-16T16:01:08.491552Z,1684252868491
-0.23995064198970795,-0.5436839461326599,0.1916143000125885,2023-05-16T16:01:08.511979Z,1684252868511
0.5472791790962219,-1.0709894895553589,0.3620564937591553,2023-05-16T16:01:08.532163Z,1684252868532
1.3654016256332397,-1.3969601392745972,0.5303681492805481,2023-05-16T16:01:08.559753Z,1684252868559
2.5638232231140137,-1.9285266399383545,0.6464818716049194,2023-05-16T16:01:08.573655Z,1684252868573
3.777158498764038,-2.16501522064209,0.7668566703796387,2023-05-16T16:01:08.591884Z,1684252868591
4.754005432128906,-2.2150826454162598,1.4422338008880615,2023-05-16T16:01:08.610128Z,1684252868610
5.924729824066162,-1.682450771331787,1.8076192140579224,2023-05-16T16:01:08.630368Z,1684252868630
7.1082377433776855,-1.1231873035430908,1.623328685760498,2023-05-16T16:01:08.666661Z,1684252868666
8.176697731018066,-0.6406229138374329,1.1993536949157715,2023-05-16T16:01:08.670593Z,1684252868670
8.936230659484863,-0.7929556369781494,1.067260980606079,2023-05-16T16:01:08.690538Z,1684252868690
9.657413482666016,-1.1711242198944092,0.6347639560699463,2023-05-16T16:01:08.712404Z,1684252868712
10.148500442504883,-1.0283788442611694,-0.21425114572048187,2023-05-16T16:01:08.732009Z,1684252868731
10.265679359436035,0.3202448785305023,-0.9705883264541626,2023-05-16T16:01:08.753959Z,1684252868753
9.80335521697998,2.528536319732666,-0.8214514255523682,2023-05-16T16:01:08.770558Z,1684252868770
9.28776741027832,3.8505284786224365,-0.36019226908683777,2023-05-16T16:01:08.790371Z,1684252868790
8.9170560836792,3.9709033966064453,-0.2653838098049164,2023-05-16T16:01:08.810411Z,1684252868810
8.47710132598877,4.104061126708984,-0.19720692932605743,2023-05-16T16:01:08.834263Z,1684252868834
7.935947895050049,4.264915943145752,-0.07576687633991241,2023-05-16T16:01:08.855902Z,1684252868855
7.392663478851318,4.288352012634277,-0.29521119594573975,2023-05-16T16:01:08.870664Z,1684252868870
6.804637908935547,4.729371070861816,-0.6925545334815979,2023-05-16T16:01:08.890599Z,1684252868890
5.8938374519348145,5.460142135620117,-0.36658385396003723,2023-05-16T16:01:08.910585Z,1684252868910
4.869053840637207,6.086516857147217,0.02649843320250511,2023-05-16T16:01:08.933079Z,1684252868933
3.8602490425109863,6.201565265655518,0.3471427857875824,2023-05-16T16:01:08.956413Z,1684252868956
3.0911288261413574,6.3315277099609375,0.9309072494506836,2023-05-16T16:01:08.970915Z,1684252868970
2.432795763015747,5.563472747802734,1.5338464975357056,2023-05-16T16:01:08.990639Z,1684252868990
1.8809893131256104,4.61325740814209,1.8108149766921997,2023-05-16T16:01:09.010610Z,1684252869010
1.5294523239135742,4.294743537902832,1.9663435220718384,2023-05-16T16:01:09.032113Z,1684252869032
1.3227910995483398,4.0646467208862305,1.9940403699874878,2023-05-16T16:01:09.056222Z,1684252869056
1.1342394351959229,3.774894952774048,1.6606128215789795,2023-05-16T16:01:09.071121Z,1684252869071
0.6761760711669922,3.8057875633239746,1.0864357948303223,2023-05-16T16:01:09.090999Z,1684252869090
0.2852243483066559,3.361572504043579,0.5857618451118469,2023-05-16T16:01:09.111775Z,1684252869111
0.04767054691910744,2.310157299041748,0.3322291076183319,2023-05-16T16:01:09.130861Z,1684252869130
-0.04287686198949814,1.0009483098983765,0.196940615773201,2023-05-16T16:01:09.155575Z,1684252869155
-0.08016108721494675,-0.21877852082252502,-0.022503694519400597,2023-05-16T16:01:09.171071Z,1684252869170
-0.1898832470178604,-0.9293093681335449,-0.3580617308616638,2023-05-16T16:01:09.191590Z,1684252869191
-0.349672794342041,-1.1498188972473145,-0.6360955238342285,2023-05-16T16:01:09.214097Z,1684252869214
-0.6490118503570557,-1.0294440984725952,-0.725577712059021,2023-05-16T16:01:09.232766Z,1684252869232
-0.8886961936950684,-1.1263831853866577,-0.7266429662704468,2023-05-16T16:01:09.263922Z,1684252869263
-1.0101362466812134,-1.603621244430542,-0.7948198318481445,2023-05-16T16:01:09.279810Z,1684252869279
-1.1773825883865356,-2.3951120376586914,-1.0430262088775635,2023-05-16T16:01:09.290914Z,1684252869290
-1.4394375085830688,-2.8915250301361084,-1.2688621282577515,2023-05-16T16:01:09.313388Z,1684252869313
-1.7270586490631104,-3.3826115131378174,-1.3540832996368408,2023-05-16T16:01:09.331084Z,1684252869330
-1.9571555852890015,-3.909917116165161,-1.4382390975952148,2023-05-16T16:01:09.365642Z,1684252869365
-2.1094882488250732,-4.313652038574219,-1.4659359455108643,2023-05-16T16:01:09.371265Z,1684252869371
-2.3257367610931396,-4.192212104797363,-1.2976242303848267,2023-05-16T16:01:09.392521Z,1684252869392
-2.7582337856292725,-4.10805606842041,-1.0440915822982788,2023-05-16T16:01:09.412670Z,1684252869412
-3.237602472305298,-4.36584997177124,-0.9833714962005615,2023-05-16T16:01:09.435363Z,1684252869435
-3.529484748840332,-4.959201812744141,-1.1761841773986816,2023-05-16T16:01:09.470304Z,1684252869470
-3.669034242630005,-4.699277400970459,-1.1900326013565063,2023-05-16T16:01:09.471486Z,1684252869471
-3.921501874923706,-4.238018035888672,-0.831038773059845,2023-05-16T16:01:09.493056Z,1684252869493
-4.181426048278809,-4.338152885437012,-0.4528702199459076,2023-05-16T16:01:09.513043Z,1684252869512
-4.0184407234191895,-4.601273059844971,-0.42410808801651,2023-05-16T16:01:09.534608Z,1684252869534
-4.057855606079102,-3.6798200607299805,-0.5071986317634583,2023-05-16T16:01:09.565792Z,1684252869565
-4.23362398147583,-2.616687059402466,-0.7415566444396973,2023-05-16T16:01:09.574510Z,1684252869574
-4.36145544052124,-2.6933858394622803,-0.6009418368339539,2023-05-16T16:01:09.597462Z,1684252869597
-4.43389368057251,-2.7530407905578613,-0.46458810567855835,2023-05-16T16:01:09.612931Z,1684252869612
-4.544681072235107,-2.1671457290649414,-0.7756450772285461,2023-05-16T16:01:09.633225Z,1684252869633
-4.714057922363281,-1.708017110824585,-0.6861629486083984,2023-05-16T16:01:09.666609Z,1684252869666
-4.701274871826172,-1.6899075508117676,-0.21957746148109436,2023-05-16T16:01:09.676139Z,1684252869676
-4.379565238952637,-2.0371835231781006,-0.11198583990335464,2023-05-16T16:01:09.693685Z,1684252869693
-4.1079230308532715,-2.347175359725952,-0.4091944098472595,2023-05-16T16:01:09.711520Z,1684252869711
-4.03335428237915,-1.6153391599655151,-0.7330345511436462,2023-05-16T16:01:09.731909Z,1684252869731
-4.210188388824463,-0.7514103651046753,-0.5178512930870056,2023-05-16T16:01:09.761848Z,1684252869761
-4.3007354736328125,-0.31571751832962036,-0.3506048917770386,2023-05-16T16:01:09.772285Z,1684252869772
-4.33375883102417,-0.407330185174942,-0.3910849094390869,2023-05-16T16:01:09.791916Z,1684252869791
-4.237884998321533,-0.7546061277389526,-0.4965460002422333,2023-05-16T16:01:09.812777Z,1684252869812
-4.100466251373291,-0.7641934752464294,-0.5285038948059082,2023-05-16T16:01:09.849739Z,1684252869849
-4.086617469787598,-0.5213133692741394,-0.1897500902414322,2023-05-16T16:01:09.855044Z,1684252869854
-3.960916519165039,-0.37217649817466736,-0.048070020973682404,2023-05-16T16:01:09.878824Z,1684252869878
-3.8288238048553467,-0.5127912759780884,-0.039547912776470184,2023-05-16T16:01:09.891780Z,1684252869891
-3.748929023742676,-0.10159952193498611,-0.12476900219917297,2023-05-16T16:01:09.911819Z,1684252869911
-3.8192365169525146,0.48323023319244385,-0.058722659945487976,2023-05-16T16:01:09.935067Z,1684252869935
-3.8490638732910156,0.7516766786575317,0.05419528856873512,2023-05-16T16:01:09.964521Z,1684252869964
-3.7095143795013428,0.7623292803764343,-0.048070020973682404,2023-05-16T16:01:09.982258Z,1684252869982
-3.574225902557373,0.7687208652496338,-0.10133320093154907,2023-05-16T16:01:09.991986Z,1684252869991
-3.360107898712158,0.8475503921508789,-0.016112113371491432,2023-05-16T16:01:10.012081Z,1684252870011
-3.0501160621643066,0.6323671340942383,0.05632581561803818,2023-05-16T16:01:10.034144Z,1684252870034
-2.671947479248047,0.3404848873615265,-0.059787921607494354,2023-05-16T16:01:10.060295Z,1684252870060
-2.3758041858673096,0.38416069746017456,-0.13009531795978546,2023-05-16T16:01:10.074555Z,1684252870074
-2.180860996246338,0.6259755492210388,-0.047004759311676025,2023-05-16T16:01:10.092233Z,1684252870092
-1.9518293142318726,0.5375586748123169,0.013715269044041634,2023-05-16T16:01:10.112091Z,1684252870111
-1.493765950202942,-0.36365437507629395,0.007323687430471182,2023-05-16T16:01:10.132120Z,1684252870132
-1.0953572988510132,-0.9719198942184448,0.03502054139971733,2023-05-16T16:01:10.157987Z,1684252870157
-0.7416898012161255,-0.6491450071334839,0.18522271513938904,2023-05-16T16:01:10.172269Z,1684252870172
-0.41465386748313904,6.657897611148655E-4,0.28855329751968384,2023-05-16T16:01:10.192198Z,1684252870192
0.11797794699668884,-0.06644582003355026,0.39188385009765625,2023-05-16T16:01:10.212241Z,1684252870212
0.8487488031387329,-0.296542763710022,0.31518489122390747,2023-05-16T16:01:10.232906Z,1684252870232
1.8138777017593384,-0.6384924054145813,0.30133646726608276,2023-05-16T16:01:10.254836Z,1684252870254
2.988863468170166,-0.7780419588088989,0.3418164849281311,2023-05-16T16:01:10.272326Z,1684252870272
4.500472545623779,-1.465137004852295,0.3141196072101593,2023-05-16T16:01:10.292224Z,1684252870292
5.979058265686035,-1.687777042388916,0.25979116559028625,2023-05-16T16:01:10.312548Z,1684252870312
7.290398120880127,-1.816673994064331,0.47710496187210083,2023-05-16T16:01:10.334763Z,1684252870334
8.158587455749512,-1.8145434856414795,0.6550039649009705,2023-05-16T16:01:10.364735Z,1684252870364
9.0321044921875,-1.640905499458313,0.1873532384634018,2023-05-16T16:01:10.372544Z,1684252870372
9.54343032836914,-1.0571409463882446,-0.37936702370643616,2023-05-16T16:01:10.392606Z,1684252870392
9.657413482666016,-0.37750279903411865,-0.9556746482849121,2023-05-16T16:01:10.412541Z,1684252870412
9.325051307678223,0.7484808564186096,-1.4158685207366943,2023-05-16T16:01:10.433516Z,1684252870433
8.878705978393555,2.018275022506714,-1.50961172580719,2023-05-16T16:01:10.454528Z,1684252870454
8.53675651550293,2.8140270709991455,-1.350887417793274,2023-05-16T16:01:10.473112Z,1684252870473
8.24913501739502,2.954641819000244,-1.2422305345535278,2023-05-16T16:01:10.492867Z,1684252870492
8.147934913635254,3.050515651702881,-1.5799190998077393,2023-05-16T16:01:10.514345Z,1684252870514
7.777223587036133,3.616170644760132,-1.680053949356079,2023-05-16T16:01:10.532717Z,1684252870532
7.37242317199707,4.036949634552002,-1.526655912399292,2023-05-16T16:01:10.556653Z,1684252870556
6.869618892669678,4.323505878448486,-1.6246602535247803,2023-05-16T16:01:10.575193Z,1684252870575
6.207025051116943,4.506731033325195,-1.5330475568771362,2023-05-16T16:01:10.593615Z,1684252870593
5.40168571472168,4.77091646194458,-1.492567539215088,2023-05-16T16:01:10.614082Z,1684252870614
4.6229777336120605,5.580516815185547,-1.3018853664398193,2023-05-16T16:01:10.633867Z,1684252870633
3.778223752975464,6.0492329597473145,-0.6403566002845764,2023-05-16T16:01:10.653039Z,1684252870652
2.7097644805908203,6.080125331878662,0.04993423447012901,2023-05-16T16:01:10.673334Z,1684252870673
2.0045597553253174,6.2516326904296875,0.7370292544364929,2023-05-16T16:01:10.693599Z,1684252870693
1.8223997354507446,6.153628349304199,1.2451599836349487,2023-05-16T16:01:10.713351Z,1684252870713
1.7457008361816406,5.251350402832031,1.2291810512542725,2023-05-16T16:01:10.734218Z,1684252870734
1.2897679805755615,4.3714423179626465,1.0267809629440308,2023-05-16T16:01:10.754282Z,1684252870754
0.8476835489273071,4.161585807800293,0.8776440620422363,2023-05-16T16:01:10.773436Z,1684252870773
0.4269044101238251,3.5043179988861084,0.6688523888587952,2023-05-16T16:01:10.794497Z,1684252870794
0.18295903503894806,2.6414544582366943,0.2565953731536865,2023-05-16T16:01:10.813557Z,1684252870813
0.07217161357402802,1.7551549673080444,-0.15779218077659607,2023-05-16T16:01:10.834481Z,1684252870834
-0.036485280841588974,0.7857651114463806,-0.3910849094390869,2023-05-16T16:01:10.856009Z,1684252870855
-0.16857796907424927,-0.02383527345955372,-0.5008070468902588,2023-05-16T16:01:10.873663Z,1684252870873
-0.3134538233280182,-0.48509442806243896,-0.4954807460308075,2023-05-16T16:01:10.893567Z,1684252870893
-0.5659213066101074,-0.8440882563591003,-0.44541335105895996,2023-05-16T16:01:10.913382Z,1684252870913
-0.7704519033432007,-1.1146652698516846,-0.38362807035446167,2023-05-16T16:01:10.946922Z,1684252870946
-0.9366330504417419,-1.4736590385437012,-0.43582597374916077,2023-05-16T16:01:10.959766Z,1684252870959
-1.13370680809021,-1.7058866024017334,-0.4709796905517578,2023-05-16T16:01:10.975403Z,1684252870975
-1.4500901699066162,-2.069141387939453,-0.46991443634033203,2023-05-16T16:01:10.994841Z,1684252870994
-1.7963007688522339,-2.6635584831237793,-0.499741792678833,2023-05-16T16:01:11.013412Z,1684252871013
-2.1616861820220947,-3.47955060005188,-0.5838976502418518,2023-05-16T16:01:11.033917Z,1684252871033
-2.354498863220215,-4.32856559753418,-0.7404913902282715,2023-05-16T16:01:11.061160Z,1684252871061
-2.3907179832458496,-4.941092014312744,-0.9705883264541626,2023-05-16T16:01:11.075133Z,1684252871075
-2.452503204345703,-4.489420413970947,-0.9833714962005615,2023-05-16T16:01:11.093480Z,1684252871093
-2.7582337856292725,-3.8875465393066406,-0.7586008906364441,2023-05-16T16:01:11.113810Z,1684252871113
-3.0756824016571045,-3.9440054893493652,-0.3761712312698364,2023-05-16T16:01:11.146028Z,1684252871145
-3.5316152572631836,-4.430830955505371,0.14367742836475372,2023-05-16T16:01:11.154625Z,1684252871154
-3.803257465362549,-5.3703932762146,0.3226417303085327,2023-05-16T16:01:11.173899Z,1684252871173
-3.6967310905456543,-6.062814712524414,-0.018242640420794487,2023-05-16T16:01:11.194176Z,1684252871194
-4.034419536590576,-5.974398136138916,-0.11092057824134827,2023-05-16T16:01:11.213931Z,1684252871213
-4.66185998916626,-4.500072956085205,0.37803542613983154,2023-05-16T16:01:11.242654Z,1684252871242
-5.458677291870117,-3.226017713546753,0.6901576519012451,2023-05-16T16:01:11.256226Z,1684252871256
-5.618466854095459,-2.0329225063323975,0.29387959837913513,2023-05-16T16:01:11.274422Z,1684252871274
-5.767603874206543,-1.3223916292190552,-0.09387636184692383,2023-05-16T16:01:11.294312Z,1684252871294
-5.672795295715332,-1.4267874956130981,0.012650005519390106,2023-05-16T16:01:11.313798Z,1684252871313
-5.588639259338379,-2.249171018600464,0.11598058044910431,2023-05-16T16:01:11.346860Z,1684252871346
-5.430980205535889,-2.6678197383880615,0.048868969082832336,2023-05-16T16:01:11.355105Z,1684252871355
-5.149750709533691,-2.521878480911255,-0.3016027808189392,2023-05-16T16:01:11.374587Z,1684252871374
-5.02724552154541,-2.1277308464050293,-0.24940484762191772,2023-05-16T16:01:11.393864Z,1684252871393
-5.112466335296631,-1.9349182844161987,0.24913853406906128,2023-05-16T16:01:11.415047Z,1684252871415
-5.0400285720825195,-0.8163914084434509,0.1255679577589035,2023-05-16T16:01:11.435287Z,1684252871435
-5.048550605773926,0.5098618268966675,-0.35167014598846436,2023-05-16T16:01:11.454848Z,1684252871454
-4.988895893096924,0.9998830556869507,-0.41345545649528503,2023-05-16T16:01:11.475077Z,1684252871475
-4.787560939788818,0.5609944462776184,-0.21531641483306885,2023-05-16T16:01:11.494327Z,1684252871494
-4.470112323760986,-0.43289652466773987,-0.1705753356218338,2023-05-16T16:01:11.514056Z,1684252871513
-4.211253643035889,-1.0145304203033447,-0.1897500902414322,2023-05-16T16:01:11.535737Z,1684252871535
-4.051464080810547,-0.6896250247955322,-0.04593949392437935,2023-05-16T16:01:11.554944Z,1684252871554
-3.935350179672241,-0.06538055837154388,0.20865851640701294,2023-05-16T16:01:11.574390Z,1684252871574
-3.6860785484313965,0.11997532099485397,0.17457008361816406,2023-05-16T16:01:11.593877Z,1684252871593
-3.440002679824829,0.009187898598611355,0.007323687430471182,2023-05-16T16:01:11.614035Z,1684252871613
-3.231210947036743,-0.11757847666740417,0.025433169677853584,2023-05-16T16:01:11.634292Z,1684252871634
-3.0607688426971436,-0.3380880355834961,0.05952160432934761,2023-05-16T16:01:11.654627Z,1684252871654
-2.885000228881836,-0.4776375889778137,0.057391077280044556,2023-05-16T16:01:11.675743Z,1684252871675
-2.695383310317993,-0.46698495745658875,0.061652131378650665,2023-05-16T16:01:11.694445Z,1684252871694
-2.443981170654297,-0.3199785649776459,0.10639320313930511,2023-05-16T16:01:11.716659Z,1684252871716
-2.185122013092041,-0.021704746410250664,0.08508793264627457,2023-05-16T16:01:11.737432Z,1684252871737
-1.9102840423583984,0.1892174482345581,-0.02463422156870365,2023-05-16T16:01:11.754557Z,1684252871754
-1.602422833442688,0.07949529588222504,0.07017423957586288,2023-05-16T16:01:11.775347Z,1684252871775
-1.1198583841323853,-0.19960378110408783,0.17457008361816406,2023-05-16T16:01:11.794366Z,1684252871794
-0.5861613154411316,-0.3380880355834961,0.17670060694217682,2023-05-16T16:01:11.816201Z,1684252871816
-0.09507478028535843,-0.5010733604431152,0.2576606571674347,2023-05-16T16:01:11.840053Z,1684252871839
0.5366265773773193,-1.0688588619232178,0.3993407189846039,2023-05-16T16:01:11.854465Z,1684252871854
1.3526184558868408,-1.3341095447540283,0.3460775315761566,2023-05-16T16:01:11.874672Z,1684252871874
2.2421135902404785,-0.7343661189079285,0.1255679577589035,2023-05-16T16:01:11.894303Z,1684252871894
3.5065815448760986,-0.5724460482597351,0.08402267098426819,2023-05-16T16:01:11.914382Z,1684252871914
5.142826557159424,-1.0571409463882446,0.061652131378650665,2023-05-16T16:01:11.935274Z,1684252871935
6.769484043121338,-1.4502233266830444,-0.24833959341049194,2023-05-16T16:01:11.957184Z,1684252871957
8.17563247680664,-1.3756548166275024,-0.48802390694618225,2023-05-16T16:01:11.974640Z,1684252871974
9.364466667175293,-1.9658108949661255,-0.7064029574394226,2023-05-16T16:01:11.995118Z,1684252871995
10.353031158447266,-2.94372296333313,-1.806820273399353,2023-05-16T16:01:12.014497Z,1684252872014
10.74291706085205,-1.6931034326553345,-3.1021809577941895,2023-05-16T16:01:12.040069Z,1684252872040
10.641717910766602,-0.23795326054096222,-3.480349540710449,2023-05-16T16:01:12.054921Z,1684252872054
10.04410457611084,1.4504896402359009,-3.525090456008911,2023-05-16T16:01:12.074543Z,1684252872074
9.486971855163574,2.4752731323242188,-3.466500997543335,2023-05-16T16:01:12.094612Z,1684252872094
8.935165405273438,3.475555896759033,-3.2459914684295654,2023-05-16T16:01:12.116756Z,1684252872116
8.482427597045898,3.5330801010131836,-2.900846004486084,2023-05-16T16:01:12.144175Z,1684252872144
8.147934913635254,2.9684903621673584,-3.3834104537963867,2023-05-16T16:01:12.156242Z,1684252872156
7.408642292022705,3.2965915203094482,-3.758383274078369,2023-05-16T16:01:12.175768Z,1684252872175
6.056822776794434,4.487556457519531,-3.3695621490478516,2023-05-16T16:01:12.194885Z,1684252872194
4.97344970703125,5.122453212738037,-3.1128334999084473,2023-05-16T16:01:12.214892Z,1684252872214
4.125499725341797,5.647628307342529,-2.8848671913146973,2023-05-16T16:01:12.246745Z,1684252872246
3.172088861465454,6.495578289031982,-2.1040289402008057,2023-05-16T16:01:12.258557Z,1684252872258
2.19417667388916,6.473207473754883,-1.1506178379058838,2023-05-16T16:01:12.275173Z,1684252872274
1.3835111856460571,5.876659870147705,-0.28988486528396606,2023-05-16T16:01:12.295284Z,1684252872295
0.7166560888290405,6.0588202476501465,0.3514038324356079,2023-05-16T16:01:12.316950Z,1684252872316
0.36618438363075256,6.187716960906982,1.0118672847747803,2023-05-16T16:01:12.346298Z,1684252872346
0.19467693567276,5.576255798339844,1.5966970920562744,2023-05-16T16:01:12.356918Z,1684252872356
0.11158636957406998,4.068907737731934,1.8022929430007935,2023-05-16T16:01:12.376540Z,1684252872376
0.27350643277168274,2.539189100265503,1.6488949060440063,2023-05-16T16:01:12.395067Z,1684252872395
0.6165213584899902,1.9330540895462036,1.2590084075927734,2023-05-16T16:01:12.416084Z,1684252872416
0.7454182505607605,1.723197102546692,0.7636608481407166,2023-05-16T16:01:12.447544Z,1684252872447
0.903077244758606,0.3916175365447998,0.27044379711151123,2023-05-16T16:01:12.460021Z,1684252872459
0.9009467363357544,-0.8526104092597961,-0.02463422156870365,2023-05-16T16:01:12.475241Z,1684252872475
0.6154560446739197,-0.8973514437675476,-0.2888196110725403,2023-05-16T16:01:12.495314Z,1684252872495
0.19893798232078552,-0.3796333372592926,-0.3857586085796356,2023-05-16T16:01:12.515510Z,1684252872515
-0.05033370852470398,-0.17829850316047668,-0.34314805269241333,2023-05-16T16:01:12.544654Z,1684252872544
-0.3166496157646179,-0.15273217856884003,-0.4986765384674072,2023-05-16T16:01:12.561122Z,1684252872561
-0.5755086541175842,-0.3093259334564209,-0.755405068397522,2023-05-16T16:01:12.575463Z,1684252872575
-0.7257108688354492,-0.9655283093452454,-0.9460873007774353,2023-05-16T16:01:12.597719Z,1684252872597
-0.9185235500335693,-1.8060213327407837,-1.17405366897583,2023-05-16T16:01:12.615599Z,1684252872615
-1.1773825883865356,-2.282194137573242,-1.3721927404403687,2023-05-16T16:01:12.649012Z,1684252872648
-1.5576817989349365,-2.398308038711548,-1.4148032665252686,2023-05-16T16:01:12.655893Z,1684252872655
-1.9997661113739014,-2.4888553619384766,-1.3008201122283936,2023-05-16T16:01:12.677955Z,1684252872677
-2.4311978816986084,-3.006573438644409,-1.1303778886795044,2023-05-16T16:01:12.696142Z,1684252872696
-2.8679559230804443,-3.7245612144470215,-0.9663273096084595,2023-05-16T16:01:12.715543Z,1684252872715
-3.281278371810913,-4.106990814208984,-0.8054724931716919,2023-05-16T16:01:12.742583Z,1684252872742
-3.2972571849823,-3.9866161346435547,-0.5881586670875549,2023-05-16T16:01:12.757441Z,1684252872757
-3.027745485305786,-4.3839592933654785,-0.5476786494255066,2023-05-16T16:01:12.775608Z,1684252872775
-2.834932804107666,-5.041226863861084,-0.5956155061721802,2023-05-16T16:01:12.795730Z,1684252872795
-3.0266802310943604,-5.069989204406738,-0.26751431822776794,2023-05-16T16:01:12.816613Z,1684252872816
-3.445328950881958,-4.617251873016357,0.34394699335098267,2023-05-16T16:01:12.842864Z,1684252872842
-3.6711647510528564,-4.17836332321167,0.46751758456230164,2023-05-16T16:01:12.857813Z,1684252872857
-3.7105796337127686,-4.109121322631836,0.014780532568693161,2023-05-16T16:01:12.875963Z,1684252872875
-3.713775396347046,-3.781020164489746,-0.19720692932605743,2023-05-16T16:01:12.895776Z,1684252872895
-3.78301739692688,-3.0087039470672607,0.09041424840688705,2023-05-16T16:01:12.915835Z,1684252872915
-3.871434450149536,-2.8169565200805664,0.3055975139141083,2023-05-16T16:01:12.953414Z,1684252872953
-3.76277756690979,-2.968224048614502,0.1873532384634018,2023-05-16T16:01:12.958788Z,1684252872958
-3.746798515319824,-2.506964921951294,0.053130023181438446,2023-05-16T16:01:12.977946Z,1684252872977
-3.9491987228393555,-1.8560887575149536,0.19374482333660126,2023-05-16T16:01:12.995870Z,1684252872995
-3.9630470275878906,-1.5599454641342163,0.42064598202705383,2023-05-16T16:01:13.016271Z,1684252873016
-4.042942047119141,-2.0723371505737305,0.4685828387737274,2023-05-16T16:01:13.050137Z,1684252873050
-3.8309543132781982,-2.6081647872924805,0.0019973693415522575,2023-05-16T16:01:13.057810Z,1684252873057
-3.8096489906311035,-2.3450448513031006,-0.18548902869224548,2023-05-16T16:01:13.076237Z,1684252873076
-4.031223773956299,-1.853958249092102,0.327968031167984,2023-05-16T16:01:13.097794Z,1684252873097
-4.110053539276123,-1.4757896661758423,0.5388902425765991,2023-05-16T16:01:13.116146Z,1684252873116
-4.110053539276123,-1.6973644495010376,0.45260387659072876,2023-05-16T16:01:13.150429Z,1684252873150
-4.000331401824951,-1.6430360078811646,0.33542490005493164,2023-05-16T16:01:13.158502Z,1684252873158
-4.038680553436279,-0.8664588332176208,0.3833617568016052,2023-05-16T16:01:13.176466Z,1684252873176
-4.118575572967529,-0.2581932842731476,0.5665870904922485,2023-05-16T16:01:13.196319Z,1684252873196
-4.022701740264893,-0.15805849432945251,0.5324986577033997,2023-05-16T16:01:13.216239Z,1684252873216
-3.881021738052368,-0.3796333372592926,0.518650233745575,2023-05-16T16:01:13.241538Z,1684252873241
-3.7350807189941406,-0.4968123435974121,0.6113281846046448,2023-05-16T16:01:13.258609Z,1684252873258
-3.6551859378814697,-0.22090904414653778,0.6933534741401672,2023-05-16T16:01:13.276242Z,1684252873276
-3.613640546798706,0.039015281945466995,0.7295724153518677,2023-05-16T16:01:13.297015Z,1684252873296
-3.530550003051758,0.14447638392448425,0.7146587371826172,2023-05-16T16:01:13.329536Z,1684252873329
-3.4336109161376953,0.29893961548805237,0.6763092279434204,2023-05-16T16:01:13.342939Z,1684252873342
-3.2695603370666504,0.41292282938957214,0.6230461001396179,2023-05-16T16:01:13.357720Z,1684252873357
-3.039463520050049,0.5684512853622437,0.5527386665344238,2023-05-16T16:01:13.377614Z,1684252873377
-2.7827348709106445,0.6174534559249878,0.4920186400413513,2023-05-16T16:01:13.396693Z,1684252873396
-2.458894729614258,0.5972134470939636,0.4174501895904541,2023-05-16T16:01:13.431732Z,1684252873431
-2.0871176719665527,0.5759081840515137,0.39188385009765625,2023-05-16T16:01:13.436605Z,1684252873436
-1.6247934103012085,0.41824913024902344,0.34075120091438293,2023-05-16T16:01:13.462497Z,1684252873462
-1.0005488395690918,-0.2102564126253128,0.017976323142647743,2023-05-16T16:01:13.476730Z,1684252873476
-0.2623211741447449,-0.7684545516967773,-0.1332911103963852,2023-05-16T16:01:13.497423Z,1684252873497
0.4716454744338989,-1.2116042375564575,-0.12903006374835968,2023-05-16T16:01:13.531887Z,1684252873531
1.3057469129562378,-1.3191958665847778,-0.07683213800191879,2023-05-16T16:01:13.538434Z,1684252873538
2.582998037338257,-0.9900293946266174,-0.24407853186130524,2023-05-16T16:01:13.559573Z,1684252873559
4.1574578285217285,-0.8217177391052246,-0.4954807460308075,2023-05-16T16:01:13.579660Z,1684252873579
5.696763515472412,-0.45739758014678955,-0.22490379214286804,2023-05-16T16:01:13.596985Z,1684252873596
7.2030463218688965,-0.5468797087669373,-0.02569948509335518,2023-05-16T16:01:13.626279Z,1684252873626
8.607064247131348,-1.233974814414978,-0.6542050242424011,2023-05-16T16:01:13.639621Z,1684252873639
9.517864227294922,-0.782302975654602,-1.806820273399353,2023-05-16T16:01:13.659886Z,1684252873659
10.062213897705078,0.6536723971366882,-2.519481658935547,2023-05-16T16:01:13.677029Z,1684252873676
10.545844078063965,1.131975769996643,-2.989262819290161,2023-05-16T16:01:13.697158Z,1684252873697
10.768484115600586,1.6070833206176758,-3.847865343093872,2023-05-16T16:01:13.724413Z,1684252873724
10.455296516418457,2.811896562576294,-4.451869964599609,2023-05-16T16:01:13.743611Z,1684252873743
9.869400978088379,3.893139123916626,-4.564787864685059,2023-05-16T16:01:13.757033Z,1684252873756
8.966057777404785,5.301417827606201,-4.167444705963135,2023-05-16T16:01:13.777363Z,1684252873777
7.883749961853027,6.3911824226379395,-3.6390738487243652,2023-05-16T16:01:13.797223Z,1684252873797
7.134869575500488,6.818353176116943,-3.4931325912475586,2023-05-16T16:01:13.828726Z,1684252873828
6.014212131500244,7.930488109588623,-2.8838019371032715,2023-05-16T16:01:13.838642Z,1684252873838
4.940426349639893,7.740871429443359,-1.7812539339065552,2023-05-16T16:01:13.864235Z,1684252873864
4.336421966552734,7.002643585205078,-1.375388503074646,2023-05-16T16:01:13.877194Z,1684252873877
3.6152384281158447,7.023949146270752,-1.0078725814819336,2023-05-16T16:01:13.897484Z,1684252873897
2.796050786972046,7.003708839416504,-0.6478134393692017,2023-05-16T16:01:13.928147Z,1684252873928
1.8959029912948608,6.303830623626709,-0.1940111368894577,2023-05-16T16:01:13.937850Z,1684252873937
1.0255825519561768,5.671064376831055,0.029694223776459694,2023-05-16T16:01:13.959425Z,1684252873959
0.1627190262079239,5.351485252380371,0.2438122183084488,2023-05-16T16:01:13.980654Z,1684252873980
-0.21118851006031036,5.104343891143799,0.9255809187889099,2023-05-16T16:01:13.997831Z,1684252873997
0.013582111336290836,4.072103500366211,1.6137412786483765,2023-05-16T16:01:14.025229Z,1684252874025
0.09347688406705856,2.3367888927459717,1.6680697202682495,2023-05-16T16:01:14.042656Z,1684252874042
-0.23142851889133453,1.1767168045043945,1.10454523563385,2023-05-16T16:01:14.060355Z,1684252874060
-0.6841655969619751,0.5375586748123169,0.5335639119148254,2023-05-16T16:01:14.079293Z,1684252874079
-0.668186604976654,0.14021532237529755,0.1394163817167282,2023-05-16T16:01:14.097761Z,1684252874097
-0.5265065431594849,-0.5532712936401367,-0.12903006374835968,2023-05-16T16:01:14.127502Z,1684252874127
-0.5446160435676575,-1.54396653175354,-0.18655429780483246,2023-05-16T16:01:14.141016Z,1684252874140
-0.30173593759536743,-2.0265309810638428,-0.32397329807281494,2023-05-16T16:01:14.159585Z,1684252874159
-0.48496127128601074,-1.9711371660232544,-0.4677838981151581,2023-05-16T16:01:14.179455Z,1684252874179
-0.7374287843704224,-1.590838074684143,-0.621181845664978,2023-05-16T16:01:14.197669Z,1684252874197
-0.9313067197799683,-1.5354443788528442,-0.8917587995529175,2023-05-16T16:01:14.232664Z,1684252874232
-1.0719215869903564,-1.54396653175354,-1.1910978555679321,2023-05-16T16:01:14.238974Z,1684252874238
-1.2508858442306519,-1.58657705783844,-1.4201295375823975,2023-05-16T16:01:14.259881Z,1684252874259
-1.3776521682739258,-1.4662022590637207,-1.5969634056091309,2023-05-16T16:01:14.279179Z,1684252874279
-1.4596774578094482,-1.633448600769043,-1.7237297296524048,2023-05-16T16:01:14.298361Z,1684252874298
-1.4447637796401978,-2.0861856937408447,-1.756752848625183,2023-05-16T16:01:14.330867Z,1684252874330
-1.3765869140625,-2.5293352603912354,-1.595898151397705,2023-05-16T16:01:14.338257Z,1684252874338
-1.3201279640197754,-2.9352006912231445,-1.1900326013565063,2023-05-16T16:01:14.359140Z,1684252874359
-1.3190627098083496,-2.9650282859802246,-0.7660577297210693,2023-05-16T16:01:14.377740Z,1684252874377
-1.3733911514282227,-2.7114953994750977,-0.5711144804954529,2023-05-16T16:01:14.397949Z,1684252874397
-1.488439679145813,-3.0246829986572266,-0.36977964639663696,2023-05-16T16:01:14.429904Z,1684252874429
-1.305214285850525,-3.6510579586029053,-0.20146799087524414,2023-05-16T16:01:14.443062Z,1684252874443
-1.2338416576385498,-3.577554702758789,-0.05446160212159157,2023-05-16T16:01:14.457995Z,1684252874457
-1.3989574909210205,-2.694451332092285,0.18415744602680206,2023-05-16T16:01:14.479837Z,1684252874479
-1.4074796438217163,-2.467550039291382,0.3982754349708557,2023-05-16T16:01:14.498136Z,1684252874498
-1.2338416576385498,-3.135470390319824,0.5069323182106018,2023-05-16T16:01:14.518227Z,1684252874518
-1.232776403427124,-3.6787548065185547,0.5676523447036743,2023-05-16T16:01:14.543078Z,1684252874542
-1.3307806253433228,-3.6851463317871094,0.7508777379989624,2023-05-16T16:01:14.560282Z,1684252874560
-1.408544898033142,-3.668102264404297,0.8584693074226379,2023-05-16T16:01:14.578258Z,1684252874578
-1.5417027473449707,-3.502986431121826,0.8499472141265869,2023-05-16T16:01:14.598117Z,1684252874598
-1.8761955499649048,-3.0353355407714844,0.88297039270401,2023-05-16T16:01:14.631248Z,1684252874631
-2.156359910964966,-2.5431838035583496,0.9756483435630798,2023-05-16T16:01:14.638281Z,1684252874638
-2.334259033203125,-2.492051124572754,1.2004189491271973,2023-05-16T16:01:14.659402Z,1684252874659
-2.468482255935669,-3.002312421798706,1.3207937479019165,2023-05-16T16:01:14.678342Z,1684252874678
-2.6335980892181396,-2.835066080093384,1.3389031887054443,2023-05-16T16:01:14.698674Z,1684252874698
-2.8338675498962402,-1.8006950616836548,1.3314464092254639,2023-05-16T16:01:14.727080Z,1684252874727
-3.0703561305999756,-1.3788505792617798,1.2877706289291382,2023-05-16T16:01:14.738169Z,1684252874738
-3.1459898948669434,-1.6686023473739624,1.2568778991699219,2023-05-16T16:01:14.760229Z,1684252874760
-3.267429828643799,-1.9956382513046265,1.0374336242675781,2023-05-16T16:01:14.781192Z,1684252874781
-3.491135358810425,-1.4853769540786743,0.8946883082389832,2023-05-16T16:01:14.800255Z,1684252874800
-3.8203017711639404,-0.9996167421340942,1.0022798776626587,2023-05-16T16:01:14.827785Z,1684252874827
-4.0823564529418945,-0.73649662733078,1.1727221012115479,2023-05-16T16:01:14.842193Z,1684252874842
-4.265582084655762,-0.9942904710769653,1.0001493692398071,2023-05-16T16:01:14.859934Z,1684252874859
-4.200600624084473,-1.3745895624160767,0.4323638677597046,2023-05-16T16:01:14.878504Z,1684252874878
-4.245341777801514,-0.7705850601196289,-0.07576687633991241,2023-05-16T16:01:14.898671Z,1684252874898
-4.560659885406494,-0.011052110232412815,-0.07789740711450577,2023-05-16T16:01:14.932266Z,1684252874932
-4.815258026123047,0.4619249403476715,0.25446486473083496,2023-05-16T16:01:14.939402Z,1684252874939
-5.032571792602539,0.5854955315589905,0.4174501895904541,2023-05-16T16:01:14.960613Z,1684252874960
-5.160403251647949,0.059255290776491165,0.2587259113788605,2023-05-16T16:01:14.979306Z,1684252874978
-4.838693618774414,-0.3039996027946472,-0.09174583107233047,2023-05-16T16:01:14.998600Z,1684252874998
-4.4147186279296875,-0.8376966714859009,-0.5508744716644287,2023-05-16T16:01:15.031704Z,1684252875031
-4.187817573547363,-1.665406584739685,-0.48695865273475647,2023-05-16T16:01:15.038818Z,1684252875038
-4.047203063964844,-2.030791997909546,0.037151068449020386,2023-05-16T16:01:15.063873Z,1684252875063
-4.086617469787598,-1.3660674095153809,0.41105860471725464,2023-05-16T16:01:15.079349Z,1684252875079
-4.299670219421387,0.29041749238967896,0.6656566262245178,2023-05-16T16:01:15.098797Z,1684252875098
-4.46159029006958,1.4185316562652588,0.8882967233657837,2023-05-16T16:01:15.127029Z,1684252875126
-4.030158519744873,1.3812475204467773,0.7189198136329651,2023-05-16T16:01:15.138872Z,1684252875138
-3.4368069171905518,0.5961481928825378,0.33968594670295715,2023-05-16T16:01:15.158750Z,1684252875158
-2.9478507041931152,-0.07816372066736221,0.22357220947742462,2023-05-16T16:01:15.182215Z,1684252875182
-2.611227512359619,-0.5074649453163147,0.44940808415412903,2023-05-16T16:01:15.207705Z,1684252875207
-2.314018964767456,-0.8909598588943481,0.6784397959709167,2023-05-16T16:01:15.221701Z,1684252875221
-1.9805914163589478,-1.1860378980636597,0.5335639119148254,2023-05-16T16:01:15.239085Z,1684252875239
-1.6386418342590332,-0.6225134134292603,0.33542490005493164,2023-05-16T16:01:15.258907Z,1684252875258
-1.363803744316101,0.23502379655838013,0.2384859025478363,2023-05-16T16:01:15.279081Z,1684252875278
-1.1028141975402832,0.7293061017990112,0.39081859588623047,2023-05-16T16:01:15.302929Z,1684252875302
-0.6884266138076782,0.6621944904327393,0.5048018097877502,2023-05-16T16:01:15.330631Z,1684252875330
0.02636527456343174,0.2648511826992035,0.34075120091438293,2023-05-16T16:01:15.342150Z,1684252875342
0.9914941191673279,-0.12077426165342331,0.0318247526884079,2023-05-16T16:01:15.360210Z,1684252875360
2.139848232269287,-0.46272388100624084,-0.36551859974861145,2023-05-16T16:01:15.379035Z,1684252875378
3.4224257469177246,-0.6001428961753845,-0.5775060653686523,2023-05-16T16:01:15.399048Z,1684252875399
4.880771636962891,-0.3178480267524719,-0.6350302696228027,2023-05-16T16:01:15.420227Z,1684252875420
6.420077800750732,0.4054659605026245,-0.5402218103408813,2023-05-16T16:01:15.439482Z,1684252875439
8.091476440429688,0.2222406268119812,-0.06085318699479103,2023-05-16T16:01:15.460078Z,1684252875460
9.806550979614258,-0.8781766891479492,-0.11518163233995438,2023-05-16T16:01:15.480513Z,1684252875480
10.849443435668945,-1.2872380018234253,-0.9705883264541626,2023-05-16T16:01:15.499735Z,1684252875499
11.193524360656738,-0.29334697127342224,-1.8856498003005981,2023-05-16T16:01:15.520251Z,1684252875520
11.025212287902832,0.7953524589538574,-2.4129552841186523,2023-05-16T16:01:15.539807Z,1684252875539
10.233721733093262,2.1343889236450195,-2.752774477005005,2023-05-16T16:01:15.560250Z,1684252875560
9.140761375427246,3.675825357437134,-3.1011157035827637,2023-05-16T16:01:15.579491Z,1684252875579
8.150065422058105,4.99888277053833,-2.881671190261841,2023-05-16T16:01:15.599464Z,1684252875599
7.376684188842773,5.690238952636719,-2.57381010055542,2023-05-16T16:01:15.621197Z,1684252875621
6.659761905670166,5.796765327453613,-2.135986804962158,2023-05-16T16:01:15.639811Z,1684252875639
6.077062606811523,5.380247116088867,-1.9740667343139648,2023-05-16T16:01:15.659896Z,1684252875659
5.431512832641602,4.924314498901367,-1.7482308149337769,2023-05-16T16:01:15.681195Z,1684252875681
4.844552516937256,4.245741367340088,-1.5990939140319824,2023-05-16T16:01:15.706133Z,1684252875706
4.1915459632873535,4.198869705200195,-1.526655912399292,2023-05-16T16:01:15.721129Z,1684252875721
3.495929002761841,4.812461853027344,-1.2337085008621216,2023-05-16T16:01:15.739776Z,1684252875739
2.9462528228759766,5.4335103034973145,-0.9620662331581116,2023-05-16T16:01:15.760605Z,1684252875760
2.293246269226074,5.244958877563477,-0.582832396030426,2023-05-16T16:01:15.781Z,1684252875780
1.517734408378601,4.611126899719238,-0.19081534445285797,2023-05-16T16:01:15.805800Z,1684252875805
1.0277130603790283,4.467316150665283,0.22996379435062408,2023-05-16T16:01:15.821158Z,1684252875821
0.8317046165466309,4.34268045425415,0.9703220129013062,2023-05-16T16:01:15.840035Z,1684252875839
0.7038729786872864,3.301917791366577,1.7277244329452515,2023-05-16T16:01:15.860709Z,1684252875860
0.617586612701416,2.077929973602295,1.9002971649169922,2023-05-16T16:01:15.879950Z,1684252875879
0.6815024018287659,1.3354411125183105,1.281378984451294,2023-05-16T16:01:15.900Z,1684252875899
0.5866939425468445,1.191630482673645,0.3141196072101593,2023-05-16T16:01:15.931612Z,1684252875931
0.3406180441379547,0.8305061459541321,-0.32823434472084045,2023-05-16T16:01:15.944387Z,1684252875944
-0.03755054250359535,0.18602167069911957,-0.3506048917770386,2023-05-16T16:01:15.959982Z,1684252875959
-0.2143843024969101,-0.11225215345621109,-0.08748477697372437,2023-05-16T16:01:15.980462Z,1684252875980
-0.3507380485534668,-0.42863544821739197,0.13409006595611572,2023-05-16T16:01:16.012077Z,1684252876011
-0.4540686309337616,-0.6416881680488586,0.1447426974773407,2023-05-16T16:01:16.023366Z,1684252876023
-0.5669865608215332,-0.5575323700904846,0.06058686971664429,2023-05-16T16:01:16.040140Z,1684252876040
-0.6948181986808777,-0.4360923171043396,0.003062632866203785,2023-05-16T16:01:16.061593Z,1684252876061
-0.7800393104553223,-0.6203829050064087,-0.07044056057929993,2023-05-16T16:01:16.080202Z,1684252876080
-0.86952143907547,-1.112534761428833,-0.28029748797416687,2023-05-16T16:01:16.110133Z,1684252876110
-0.9355677962303162,-1.4800506830215454,-0.6073334217071533,2023-05-16T16:01:16.124107Z,1684252876124
-1.2476900815963745,-1.683516025543213,-0.742621898651123,2023-05-16T16:01:16.141643Z,1684252876141
-1.5587470531463623,-1.7591497898101807,-0.6648576855659485,2023-05-16T16:01:16.161175Z,1684252876161
-1.8570208549499512,-2.2502362728118896,-0.5125249624252319,2023-05-16T16:01:16.181046Z,1684252876180
-2.165947198867798,-3.1152303218841553,-0.28136277198791504,2023-05-16T16:01:16.214109Z,1684252876214
-2.399240016937256,-3.924830675125122,0.005193160381168127,2023-05-16T16:01:16.223540Z,1684252876223
-2.631467580795288,-4.37863302230835,0.20652799308300018,2023-05-16T16:01:16.240227Z,1684252876240
-2.6293370723724365,-4.888894557952881,0.2619217038154602,2023-05-16T16:01:16.262158Z,1684252876262
-2.3800652027130127,-5.536574840545654,0.2672480046749115,2023-05-16T16:01:16.280522Z,1684252876280
-2.3949790000915527,-5.762410640716553,0.3599259555339813,2023-05-16T16:01:16.310859Z,1684252876310
-2.9308066368103027,-5.395959854125977,0.7285071611404419,2023-05-16T16:01:16.321845Z,1684252876321
-3.7297542095184326,-4.861197471618652,1.221724271774292,2023-05-16T16:01:16.341058Z,1684252876340
-4.182491302490234,-4.276367664337158,1.3612737655639648,2023-05-16T16:01:16.361878Z,1684252876361
-4.13348913192749,-3.791672706604004,1.164199948310852,2023-05-16T16:01:16.380605Z,1684252876380
-4.078095436096191,-2.9469187259674072,0.950082004070282,2023-05-16T16:01:16.414064Z,1684252876413
-4.134554386138916,-2.348240613937378,0.9916272759437561,2023-05-16T16:01:16.425642Z,1684252876425
-4.298604965209961,-2.34291410446167,1.0491515398025513,2023-05-16T16:01:16.441034Z,1684252876440
-4.397674560546875,-2.595381736755371,0.8797746300697327,2023-05-16T16:01:16.460778Z,1684252876460
-4.382761001586914,-2.561293363571167,0.6837661266326904,2023-05-16T16:01:16.480649Z,1684252876480
-4.340150356292725,-2.4334616661071777,0.8020103573799133,2023-05-16T16:01:16.503330Z,1684252876503
-4.329497814178467,-2.382328987121582,1.2078758478164673,2023-05-16T16:01:16.521101Z,1684252876521
-4.201665878295898,-2.6007080078125,1.4124064445495605,2023-05-16T16:01:16.541739Z,1684252876541
-3.7265584468841553,-2.501638412475586,1.1290463209152222,2023-05-16T16:01:16.561906Z,1684252876561
-3.464503765106201,-2.075533151626587,0.9617999196052551,2023-05-16T16:01:16.581057Z,1684252876580
-3.568899631500244,-1.1934947967529297,0.9628651738166809,2023-05-16T16:01:16.605750Z,1684252876605
-3.7361459732055664,-0.3743070065975189,0.7476819157600403,2023-05-16T16:01:16.621628Z,1684252876621
-3.841607093811035,0.18815219402313232,0.6358292102813721,2023-05-16T16:01:16.641241Z,1684252876641
-3.916175365447998,0.49707865715026855,0.770052433013916,2023-05-16T16:01:16.662359Z,1684252876662
-3.952394485473633,0.4587291479110718,0.9106672406196594,2023-05-16T16:01:16.681056Z,1684252876681
-3.917240619659424,0.01664474420249462,0.9266462326049805,2023-05-16T16:01:16.703557Z,1684252876703
-3.7361459732055664,-0.539422869682312,0.8392946124076843,2023-05-16T16:01:16.721655Z,1684252876721
-3.579552173614502,-0.6619281768798828,0.7849661707878113,2023-05-16T16:01:16.742402Z,1684252876742
-3.5976617336273193,-0.14314480125904083,0.8637956380844116,2023-05-16T16:01:16.761100Z,1684252876761
-3.7052533626556396,0.4725775718688965,0.9543430805206299,2023-05-16T16:01:16.781414Z,1684252876781
-3.7414722442626953,0.7207840085029602,0.9383640885353088,2023-05-16T16:01:16.806707Z,1684252876806
-3.628554344177246,0.554602861404419,0.8574040532112122,2023-05-16T16:01:16.823294Z,1684252876823
-3.40484881401062,0.2637858986854553,0.7540735006332397,2023-05-16T16:01:16.841573Z,1684252876841
-3.1960573196411133,0.1796300858259201,0.6709829568862915,2023-05-16T16:01:16.862324Z,1684252876862
-3.049050807952881,0.29574382305145264,0.6954839825630188,2023-05-16T16:01:16.882335Z,1684252876882
-2.9957876205444336,0.5024049878120422,0.7018755674362183,2023-05-16T16:01:16.905712Z,1684252876905
-2.863694906234741,0.57058185338974,0.5900229215621948,2023-05-16T16:01:16.926012Z,1684252876925
-2.6485116481781006,0.4161186218261719,0.4462123215198517,2023-05-16T16:01:16.941619Z,1684252876941
-2.3853917121887207,0.4139880836009979,0.3098585605621338,2023-05-16T16:01:16.962261Z,1684252876962
-2.186187267303467,0.5258407592773438,0.26937854290008545,2023-05-16T16:01:16.981560Z,1684252876981
-1.91241455078125,0.4949481189250946,0.22357220947742462,2023-05-16T16:01:17.015283Z,1684252877015
-1.4863090515136719,0.21584904193878174,0.12663321197032928,2023-05-16T16:01:17.021859Z,1684252877021
-0.990961492061615,-0.12183953076601028,0.02756369672715664,2023-05-16T16:01:17.042194Z,1684252877042
-0.48496127128601074,-0.13355742394924164,-0.0810931921005249,2023-05-16T16:01:17.062163Z,1684252877062
0.044474758207798004,0.10186583548784256,-0.2312953621149063,2023-05-16T16:01:17.081934Z,1684252877081
0.8679235577583313,0.16791218519210815,-0.41771650314331055,2023-05-16T16:01:17.116484Z,1684252877116
1.9683408737182617,0.04114580899477005,-0.612659752368927,2023-05-16T16:01:17.122888Z,1684252877122
3.5182995796203613,-0.04620581120252609,-0.6989461183547974,2023-05-16T16:01:17.141593Z,1684252877141
5.477319240570068,0.014514217153191566,-0.8725841045379639,2023-05-16T16:01:17.161743Z,1684252877161
7.392663478851318,0.4992091655731201,-0.5274386405944824,2023-05-16T16:01:17.183127Z,1684252877183
8.765788078308105,0.6696513295173645,0.24487747251987457,2023-05-16T16:01:17.205146Z,1684252877205
9.969535827636719,0.034754227846860886,0.20439745485782623,2023-05-16T16:01:17.223111Z,1684252877223
11.060365676879883,-0.47976812720298767,-0.8576703667640686,2023-05-16T16:01:17.241771Z,1684252877241
11.221220970153809,0.8784430027008057,-1.8036245107650757,2023-05-16T16:01:17.262850Z,1684252877262
10.688589096069336,2.1098878383636475,-2.1647489070892334,2023-05-16T16:01:17.284697Z,1684252877284
9.917338371276855,2.876877546310425,-2.7804713249206543,2023-05-16T16:01:17.314283Z,1684252877314
8.909598350524902,4.011383533477783,-2.9530439376831055,2023-05-16T16:01:17.322051Z,1684252877321
8.15645694732666,4.646280765533447,-2.770883798599243,2023-05-16T16:01:17.341732Z,1684252877341
7.536473751068115,4.71339225769043,-2.6451828479766846,2023-05-16T16:01:17.363839Z,1684252877363
7.007038116455078,4.66332483291626,-2.667553424835205,2023-05-16T16:01:17.383524Z,1684252877383
6.312486171722412,5.195956707000732,-2.71655535697937,2023-05-16T16:01:17.418803Z,1684252877418
5.403816223144531,6.3059611320495605,-2.385258436203003,2023-05-16T16:01:17.423650Z,1684252877423
4.6730451583862305,6.557363510131836,-2.0763320922851562,2023-05-16T16:01:17.442135Z,1684252877442
3.902859687805176,6.428466796875,-1.8206686973571777,2023-05-16T16:01:17.463184Z,1684252877463
3.261570930480957,6.579733848571777,-1.328516960144043,2023-05-16T16:01:17.482261Z,1684252877482
2.6501095294952393,6.457228660583496,-0.8448871970176697,2023-05-16T16:01:17.511924Z,1684252877511
1.9321218729019165,6.104626655578613,-0.22916483879089355,2023-05-16T16:01:17.522445Z,1684252877522
1.517734408378601,5.780786514282227,0.4025365114212036,2023-05-16T16:01:17.542532Z,1684252877542
1.485776424407959,5.378116607666016,1.159938931465149,2023-05-16T16:01:17.562361Z,1684252877562
1.607216477394104,4.388486862182617,1.7383770942687988,2023-05-16T16:01:17.584358Z,1684252877584
1.2524837255477905,2.950380802154541,1.7096149921417236,2023-05-16T16:01:17.614878Z,1684252877614
0.6111950278282166,2.4763383865356445,1.1151978969573975,2023-05-16T16:01:17.628086Z,1684252877628
0.14034847915172577,2.3836605548858643,0.4643217921257019,2023-05-16T16:01:17.642218Z,1684252877642
-0.0354200154542923,1.7082834243774414,0.196940615773201,2023-05-16T16:01:17.664385Z,1684252877664
-0.2559295892715454,0.6781734824180603,0.32051119208335876,2023-05-16T16:01:17.684500Z,1684252877684
-0.7033402919769287,-0.23262694478034973,0.5985450148582458,2023-05-16T16:01:17.710572Z,1684252877710
-0.8546077609062195,-0.9676588773727417,0.7487471699714661,2023-05-16T16:01:17.725468Z,1684252877725
-0.13768532872200012,-1.4438316822052002,0.5825660824775696,2023-05-16T16:01:17.743679Z,1684252877743
-0.31558436155319214,-1.2861727476119995,0.3620564937591553,2023-05-16T16:01:17.762208Z,1684252877762
-0.3976096510887146,-1.062467336654663,0.262986958026886,2023-05-16T16:01:17.785486Z,1684252877785
-0.7033402919769287,-0.8099998235702515,0.16178691387176514,2023-05-16T16:01:17.812739Z,1684252877812
-0.945155143737793,-0.2155827283859253,-0.13009531795978546,2023-05-16T16:01:17.822658Z,1684252877822
-1.2231889963150024,-0.15060164034366608,-0.2888196110725403,2023-05-16T16:01:17.843106Z,1684252877842
-1.5289196968078613,-0.7183871865272522,-0.26112276315689087,2023-05-16T16:01:17.864166Z,1684252877864
-1.8122798204421997,-1.6227960586547852,-0.1844237744808197,2023-05-16T16:01:17.885797Z,1684252877885
-2.0104188919067383,-2.535727024078369,-0.14500901103019714,2023-05-16T16:01:17.913388Z,1684252877913
-2.175534725189209,-3.404982089996338,-0.07683213800191879,2023-05-16T16:01:17.924636Z,1684252877924
-2.393913745880127,-4.052662372589111,0.07656582444906235,2023-05-16T16:01:17.943021Z,1684252877942
-2.701774835586548,-4.327500343322754,0.3269027769565582,2023-05-16T16:01:17.965578Z,1684252877965
-2.7784738540649414,-4.782368183135986,0.4781702160835266,2023-05-16T16:01:17.998747Z,1684252877998
-2.8924570083618164,-5.382111549377441,0.5474123358726501,2023-05-16T16:01:18.003121Z,1684252878003
-2.9755475521087646,-5.845500946044922,0.572978675365448,2023-05-16T16:01:18.026089Z,1684252878026
-3.256777286529541,-5.768802165985107,0.7295724153518677,2023-05-16T16:01:18.042840Z,1684252878042
-3.4282846450805664,-4.94215726852417,1.0310420989990234,2023-05-16T16:01:18.064403Z,1684252878064
-3.6200320720672607,-4.255062580108643,1.367665410041809,2023-05-16T16:01:18.084215Z,1684252878084
-3.763842821121216,-4.127230644226074,1.481648564338684,2023-05-16T16:01:18.116013Z,1684252878115
-3.767038583755493,-4.174102306365967,1.4688653945922852,2023-05-16T16:01:18.124454Z,1684252878124
-3.5923352241516113,-4.1804938316345215,1.481648564338684,2023-05-16T16:01:18.143231Z,1684252878143
-3.4389374256134033,-3.5157694816589355,1.3165327310562134,2023-05-16T16:01:18.163599Z,1684252878163
-3.5412025451660156,-2.740257501602173,1.2153326272964478,2023-05-16T16:01:18.204048Z,1684252878203
-3.643467903137207,-2.303499460220337,1.255812644958496,2023-05-16T16:01:18.205477Z,1684252878205
-3.7563858032226562,-2.0329225063323975,1.3378379344940186,2023-05-16T16:01:18.224775Z,1684252878224
-3.8554553985595703,-1.7026907205581665,1.2355726957321167,2023-05-16T16:01:18.243334Z,1684252878243
-3.8437376022338867,-1.3319790363311768,1.075783133506775,2023-05-16T16:01:18.263678Z,1684252878263
-3.846933364868164,-1.2424968481063843,1.1737873554229736,2023-05-16T16:01:18.296549Z,1684252878296
-3.796865940093994,-1.3799158334732056,1.3282506465911865,2023-05-16T16:01:18.308393Z,1684252878308
-3.5720953941345215,-1.4672675132751465,1.122654676437378,2023-05-16T16:01:18.324252Z,1684252878324
-3.5017879009246826,-1.1327747106552124,0.7721830010414124,2023-05-16T16:01:18.343195Z,1684252878343
-3.5422680377960205,-0.6789724230766296,0.6432861089706421,2023-05-16T16:01:18.364582Z,1684252878364
-3.4666342735290527,-0.3199785649776459,0.5623260736465454,2023-05-16T16:01:18.386871Z,1684252878386
-3.4421331882476807,-0.0366184376180172,0.5420860648155212,2023-05-16T16:01:18.409712Z,1684252878409
-3.449589967727661,0.09867004305124283,0.5783050060272217,2023-05-16T16:01:18.423515Z,1684252878423
-3.460242509841919,0.11997532099485397,0.694418728351593,2023-05-16T16:01:18.443181Z,1684252878443
-3.316431999206543,-0.08668582886457443,0.8435556292533875,2023-05-16T16:01:18.463303Z,1684252878463
-3.0064404010772705,-0.35406699776649475,0.7711177468299866,2023-05-16T16:01:18.483334Z,1684252878483
-2.72627592086792,-0.28802067041397095,0.5846965909004211,2023-05-16T16:01:18.514195Z,1684252878514
-2.6634254455566406,-0.08881635963916779,0.6155892014503479,2023-05-16T16:01:18.523546Z,1684252878523
-2.6442506313323975,0.04966791719198227,0.6507429480552673,2023-05-16T16:01:18.543591Z,1684252878543
-2.681535005569458,0.12104058265686035,0.6518082022666931,2023-05-16T16:01:18.564484Z,1684252878564
-2.805105447769165,0.26698169112205505,0.6741787195205688,2023-05-16T16:01:18.585695Z,1684252878585
-2.939328670501709,0.4864259958267212,0.7977492809295654,2023-05-16T16:01:18.618125Z,1684252878618
-3.0565075874328613,0.7740471959114075,1.0022798776626587,2023-05-16T16:01:18.624106Z,1684252878624
-3.163033962249756,0.8922914862632751,1.092827320098877,2023-05-16T16:01:18.649068Z,1684252878649
-3.2003183364868164,0.9327715039253235,1.025715708732605,2023-05-16T16:01:18.664804Z,1684252878664
-3.221623659133911,1.0424935817718506,0.9064062237739563,2023-05-16T16:01:18.683658Z,1684252878683
-3.2695603370666504,1.253415822982788,0.7945535182952881,2023-05-16T16:01:18.710259Z,1684252878710
-3.2535815238952637,1.2640684843063354,0.6752439737319946,2023-05-16T16:01:18.723657Z,1684252878723
-3.1417288780212402,1.1894999742507935,0.518650233745575,2023-05-16T16:01:18.743517Z,1684252878743
-2.8168234825134277,1.030775785446167,0.2800311744213104,2023-05-16T16:01:18.764193Z,1684252878764
-2.339585304260254,0.776177704334259,-0.0715058222413063,2023-05-16T16:01:18.800381Z,1684252878800
-1.9987008571624756,0.6142576336860657,-0.29201540350914,2023-05-16T16:01:18.804206Z,1684252878804
-1.6290544271469116,0.3575291037559509,-0.24407853186130524,2023-05-16T16:01:18.826407Z,1684252878826
-0.6042708158493042,-0.7333008646965027,-0.2504701018333435,2023-05-16T16:01:18.843802Z,1684252878843
0.38109806180000305,-1.0177263021469116,-0.5466133952140808,2023-05-16T16:01:18.866201Z,1684252878866
1.2716584205627441,-0.7301050424575806,-0.8331693410873413,2023-05-16T16:01:18.894467Z,1684252878894
2.507364273071289,-0.8909598588943481,-0.515720784664154,2023-05-16T16:01:18.913401Z,1684252878913
4.422708511352539,-1.0901641845703125,-0.3346259295940399,2023-05-16T16:01:18.923893Z,1684252878923
6.692785263061523,-1.0848379135131836,-0.44008705019950867,2023-05-16T16:01:18.944315Z,1684252878944
8.039278030395508,-1.8603497743606567,-0.3346259295940399,2023-05-16T16:01:18.966839Z,1684252878966
9.233438491821289,-2.87874174118042,-0.7660577297210693,2023-05-16T16:01:19.006614Z,1684252879006
9.945034980773926,-2.143709897994995,-1.8856498003005981,2023-05-16T16:01:19.008285Z,1684252879008
10.178327560424805,-0.41585230827331543,-2.8987154960632324,2023-05-16T16:01:19.024192Z,1684252879024
10.01108169555664,0.6515418887138367,-3.4941978454589844,2023-05-16T16:01:19.044054Z,1684252879043
9.6361083984375,0.8092008829116821,-3.992741346359253,2023-05-16T16:01:19.065077Z,1684252879065
9.292028427124023,0.6771082282066345,-4.7544050216674805,2023-05-16T16:01:19.084218Z,1684252879084
8.710394859313965,1.4355759620666504,-5.267861843109131,2023-05-16T16:01:19.104279Z,1684252879104
7.85072660446167,3.426553726196289,-5.321125030517578,2023-05-16T16:01:19.124223Z,1684252879124
7.10717248916626,4.72084903717041,-4.997284889221191,2023-05-16T16:01:19.145158Z,1684252879145
6.646978855133057,4.430031776428223,-4.571179389953613,2023-05-16T16:01:19.165136Z,1684252879165
6.249635696411133,4.344810962677002,-4.4305644035339355,2023-05-16T16:01:19.186749Z,1684252879186
5.5614752769470215,4.764524936676025,-4.267579078674316,2023-05-16T16:01:19.206463Z,1684252879206
4.757201194763184,5.404748439788818,-3.569831609725952,2023-05-16T16:01:19.224458Z,1684252879224
4.036017417907715,5.943771839141846,-3.019090414047241,2023-05-16T16:01:19.244309Z,1684252879244
3.067692995071411,6.4007697105407715,-2.374605894088745,2023-05-16T16:01:19.265445Z,1684252879265
2.0429093837738037,6.2271318435668945,-1.539439082145691,2023-05-16T16:01:19.289898Z,1684252879289
1.4250564575195312,5.765872478485107,-0.8992156982421875,2023-05-16T16:01:19.306714Z,1684252879306
1.388837456703186,5.324853420257568,-0.44221755862236023,2023-05-16T16:01:19.324546Z,1684252879324
1.4335784912109375,4.775177478790283,-0.348474383354187,2023-05-16T16:01:19.344488Z,1684252879344
1.274854302406311,4.181825637817383,-0.4773712754249573,2023-05-16T16:01:19.365438Z,1684252879365
0.8668583035469055,3.3882040977478027,-0.6435524225234985,2023-05-16T16:01:19.388347Z,1684252879388
0.49827706813812256,2.5551679134368896,-0.48695865273475647,2023-05-16T16:01:19.405427Z,1684252879405
-0.07909582555294037,1.3002874851226807,-0.0043942127376794815,2023-05-16T16:01:19.426495Z,1684252879426
-0.629837155342102,0.4065312445163727,0.610262930393219,2023-05-16T16:01:19.444598Z,1684252879444
-0.8098666667938232,0.056059498339891434,1.0353031158447266,2023-05-16T16:01:19.465614Z,1684252879465
-0.8428898453712463,-0.539422869682312,1.486974835395813,2023-05-16T16:01:19.488119Z,1684252879488
0.0966726765036583,-1.8145434856414795,1.5338464975357056,2023-05-16T16:01:19.505757Z,1684252879505
0.15526217222213745,-2.2704763412475586,0.9703220129013062,2023-05-16T16:01:19.525657Z,1684252879525
-0.16538217663764954,-1.853958249092102,0.36738279461860657,2023-05-16T16:01:19.545333Z,1684252879545
-0.30599698424339294,-0.6278397440910339,-0.18229323625564575,2023-05-16T16:01:19.567345Z,1684252879567
-0.49348339438438416,0.5322323441505432,-0.4251733422279358,2023-05-16T16:01:19.599454Z,1684252879599
-0.7874961495399475,1.07764732837677,-0.31012487411499023,2023-05-16T16:01:19.605138Z,1684252879605
-1.0143972635269165,0.8795083165168762,-0.23449115455150604,2023-05-16T16:01:19.627476Z,1684252879627
-1.0719215869903564,0.19667430222034454,-0.25792697072029114,2023-05-16T16:01:19.646743Z,1684252879646
-1.09109628200531,-0.7002776861190796,-0.28029748797416687,2023-05-16T16:01:19.667786Z,1684252879667
-1.0186583995819092,-1.5290528535842896,-0.3761712312698364,2023-05-16T16:01:19.698183Z,1684252879698
-1.0410288572311401,-2.0233352184295654,-0.521047055721283,2023-05-16T16:01:19.710092Z,1684252879710
-1.299888014793396,-1.8741981983184814,-0.40706387162208557,2023-05-16T16:01:19.725017Z,1684252879724
-1.6237281560897827,-1.3831117153167725,-0.11198583990335464,2023-05-16T16:01:19.746725Z,1684252879746
-1.785648226737976,-0.8430230021476746,-0.16205322742462158,2023-05-16T16:01:19.765139Z,1684252879765
-1.9156103134155273,-0.45846283435821533,-0.4145207107067108,2023-05-16T16:01:19.796631Z,1684252879796
-2.1872525215148926,-0.26884591579437256,-0.3719101548194885,2023-05-16T16:01:19.806665Z,1684252879806
-2.369412660598755,-0.6704503297805786,-0.051265813410282135,2023-05-16T16:01:19.826458Z,1684252879826
-2.224536895751953,-1.4214612245559692,0.05419528856873512,2023-05-16T16:01:19.845087Z,1684252879845
-2.3619558811187744,-1.2669979333877563,-0.20999009907245636,2023-05-16T16:01:19.868663Z,1684252879868
-2.7635602951049805,-0.3412838280200958,-0.40706387162208557,2023-05-16T16:01:19.900706Z,1684252879900
-3.0256149768829346,0.47364285588264465,-0.38043227791786194,2023-05-16T16:01:19.905326Z,1684252879905
-3.0810086727142334,0.6494113206863403,-0.40706387162208557,2023-05-16T16:01:19.929021Z,1684252879928
-3.107640266418457,0.6131923794746399,-0.515720784664154,2023-05-16T16:01:19.948432Z,1684252879948
-3.2035140991210938,0.6930871605873108,-0.612659752368927,2023-05-16T16:01:19.966058Z,1684252879965
-3.202448844909668,0.54927659034729,-0.7064029574394226,2023-05-16T16:01:19.994097Z,1684252879993
-3.1193583011627197,0.4022701680660248,-0.7969503402709961,2023-05-16T16:01:20.010084Z,1684252880009
-3.0458550453186035,0.5215796828269958,-0.7767103314399719,2023-05-16T16:01:20.025646Z,1684252880025
-2.920153856277466,0.524775505065918,-0.7138597965240479,2023-05-16T16:01:20.046742Z,1684252880046
-2.7433202266693115,0.3032006621360779,-0.6925545334815979,2023-05-16T16:01:20.067990Z,1684252880067
-2.5355937480926514,0.20732693374156952,-0.7095987200737,2023-05-16T16:01:20.098607Z,1684252880098
-2.38326096534729,0.3298322558403015,-0.7309040427207947,2023-05-16T16:01:20.110540Z,1684252880110
-2.2181451320648193,0.3820301592350006,-0.6510092616081238,2023-05-16T16:01:20.125583Z,1684252880125
-2.0551598072052,0.28615644574165344,-0.5785713195800781,2023-05-16T16:01:20.147015Z,1684252880146
-1.9241324663162231,0.390552282333374,-0.6307692527770996,2023-05-16T16:01:20.167486Z,1684252880167
-1.8186713457107544,0.57058185338974,-0.704272449016571,2023-05-16T16:01:20.204393Z,1684252880204
-1.7462334632873535,0.6600639820098877,-0.7106640338897705,2023-05-16T16:01:20.206900Z,1684252880206
-1.6407723426818848,0.6653903126716614,-0.6691187024116516,2023-05-16T16:01:20.225784Z,1684252880225
-1.475656509399414,0.6621944904327393,-0.7159903049468994,2023-05-16T16:01:20.246941Z,1684252880246
-1.3371721506118774,0.5844302773475647,-0.7692534923553467,2023-05-16T16:01:20.267958Z,1684252880267
-1.1912310123443604,0.5194491744041443,-0.7404913902282715,2023-05-16T16:01:20.299104Z,1684252880299
-1.0207889080047607,0.47364285588264465,-0.7777756452560425,2023-05-16T16:01:20.309090Z,1684252880308
-0.8428898453712463,0.45446810126304626,-0.8608661890029907,2023-05-16T16:01:20.325964Z,1684252880325
-0.696948766708374,0.466185986995697,-0.914129376411438,2023-05-16T16:01:20.345887Z,1684252880345
-0.5744433999061584,0.40333545207977295,-0.9173251390457153,2023-05-16T16:01:20.367171Z,1684252880367
-0.4679170548915863,0.36179015040397644,-0.8789756894111633,2023-05-16T16:01:20.395709Z,1684252880395
-0.3848264813423157,0.3106575012207031,-0.8534093499183655,2023-05-16T16:01:20.406753Z,1684252880406
-0.32410645484924316,0.29041749238967896,-0.7415566444396973,2023-05-16T16:01:20.426458Z,1684252880426
-0.24634221196174622,0.15512901544570923,-0.5402218103408813,2023-05-16T16:01:20.446160Z,1684252880446
-0.18775272369384766,0.01771000772714615,-0.521047055721283,2023-05-16T16:01:20.467634Z,1684252880467
-0.18349166214466095,0.10293109714984894,-0.5530049800872803,2023-05-16T16:01:20.499763Z,1684252880499
-0.1760348230600357,0.30107012391090393,-0.4528702199459076,2023-05-16T16:01:20.509673Z,1684252880509
0.0540621280670166,-0.7503450512886047,-0.5881586670875549,2023-05-16T16:01:20.525997Z,1684252880525
-0.05352949723601341,-1.5674022436141968,-0.3442133069038391,2023-05-16T16:01:20.546508Z,1684252880546
-0.2708432674407959,-0.886698842048645,-0.12689952552318573,2023-05-16T16:01:20.567677Z,1684252880567
-0.6170539855957031,0.7548724412918091,-0.359127014875412,2023-05-16T16:01:20.592500Z,1684252880592
-0.7587340474128723,1.6219969987869263,-0.37936702370643616,2023-05-16T16:01:20.608075Z,1684252880608
-0.6479465961456299,1.6688686609268188,-0.30053749680519104,2023-05-16T16:01:20.626376Z,1684252880626
-0.34328120946884155,0.6749776601791382,-0.34634384512901306,2023-05-16T16:01:20.646283Z,1684252880646
-0.17390428483486176,-0.03448791056871414,-0.2557964324951172,2023-05-16T16:01:20.669516Z,1684252880669
-0.11851058155298233,-0.0930774137377739,-0.2973417043685913,2023-05-16T16:01:20.699690Z,1684252880699
-0.16431692242622375,0.22863221168518066,-0.2739059031009674,2023-05-16T16:01:20.706941Z,1684252880706
-0.21971063315868378,0.4917523264884949,-0.17803218960762024,2023-05-16T16:01:20.727010Z,1684252880726
-0.2324937880039215,0.5226449966430664,-0.17696692049503326,2023-05-16T16:01:20.746433Z,1684252880746
-0.23462431132793427,0.4246407151222229,-0.16311849653720856,2023-05-16T16:01:20.780382Z,1684252880780
-0.2186453640460968,0.23395852744579315,-0.16737954318523407,2023-05-16T16:01:20.793773Z,1684252880793
-0.18029586970806122,0.047537390142679214,-0.22596904635429382,2023-05-16T16:01:20.806642Z,1684252880806
-0.15899059176445007,0.04008054360747337,-0.2728406488895416,2023-05-16T16:01:20.826893Z,1684252880826
-0.17496955394744873,0.13062795996665955,-0.27710169553756714,2023-05-16T16:01:20.846612Z,1684252880846
-0.18455693125724792,0.21478378772735596,-0.2323606312274933,2023-05-16T16:01:20.869078Z,1684252880869
-0.14407691359519958,0.13169321417808533,-0.17164060473442078,2023-05-16T16:01:20.897923Z,1684252880897
-0.09294424951076508,-0.004660528618842363,-0.17803218960762024,2023-05-16T16:01:20.910558Z,1684252880910
-0.06524740159511566,-0.01318263728171587,-0.20572903752326965,2023-05-16T16:01:20.926674Z,1684252880926
-0.06631266325712204,0.01771000772714615,-0.14394375681877136,2023-05-16T16:01:20.947061Z,1684252880947
-0.05459476262331009,-0.0035952648613601923,-0.11305110156536102,2023-05-16T16:01:20.967032Z,1684252880966
-0.04500738903880119,-0.005725792143493891,-0.1418132185935974,2023-05-16T16:01:21.000458Z,1684252881000
-0.026897907257080078,0.04434159770607948,-0.1428784877061844,2023-05-16T16:01:21.007270Z,1684252881007
-0.03435475379228592,0.08162582665681839,-0.13861742615699768,2023-05-16T16:01:21.028312Z,1684252881028
-0.03755054250359535,0.07949529588222504,-0.1322258561849594,2023-05-16T16:01:21.046797Z,1684252881046
-0.02583264373242855,0.0070573715493083,-0.12583427131175995,2023-05-16T16:01:21.070324Z,1684252881070
-0.019441060721874237,-0.03448791056871414,-0.15246586501598358,2023-05-16T16:01:21.098395Z,1684252881098
-0.048203181475400925,0.07949529588222504,-0.1705753356218338,2023-05-16T16:01:21.106941Z,1684252881106
-0.07483477145433426,0.17430377006530762,-0.12689952552318573,2023-05-16T16:01:21.126958Z,1684252881126
-0.07057371735572815,0.14021532237529755,-0.07470161467790604,2023-05-16T16:01:21.146927Z,1684252881146
-0.04607265070080757,0.08375635743141174,-0.10239847004413605,2023-05-16T16:01:21.169287Z,1684252881169
-0.031158961355686188,0.08375635743141174,-0.10985531657934189,2023-05-16T16:01:21.194353Z,1684252881194
-0.005592633970081806,0.07736477255821228,-0.0810931921005249,2023-05-16T16:01:21.206950Z,1684252881206
0.025300011038780212,0.06032055243849754,-0.08535424619913101,2023-05-16T16:01:21.227016Z,1684252881226
0.05832318589091301,0.0070573715493083,-0.10772478580474854,2023-05-16T16:01:21.247152Z,1684252881247
0.07430213689804077,-0.02277000993490219,-0.12050794810056686,2023-05-16T16:01:21.285371Z,1684252881285
0.05299686640501022,0.024101590737700462,-0.11518163233995438,2023-05-16T16:01:21.289458Z,1684252881289
0.04234423115849495,0.06138581782579422,-0.10879004746675491,2023-05-16T16:01:21.311639Z,1684252881311
0.04980107396841049,0.031558435410261154,-0.11944268643856049,2023-05-16T16:01:21.327282Z,1684252881327
0.06578002870082855,-0.07070687413215637,-0.13009531795978546,2023-05-16T16:01:21.349126Z,1684252881349
0.06897582113742828,-0.0930774137377739,-0.14927007257938385,2023-05-16T16:01:21.380950Z,1684252881380
0.048735812306404114,-3.994738799519837E-4,-0.1705753356218338,2023-05-16T16:01:21.391141Z,1684252881390
0.02636527456343174,0.08695214241743088,-0.16418376564979553,2023-05-16T16:01:21.407514Z,1684252881407
0.46525388956069946,-1.2105389833450317,-0.2600574791431427,2023-05-16T16:01:21.431630Z,1684252881431
0.4215780794620514,-3.1184260845184326,-0.023568958044052124,2023-05-16T16:01:21.448390Z,1684252881448
0.021038956940174103,-1.385242223739624,-0.2312953621149063,2023-05-16T16:01:21.470295Z,1684252881470
-0.3081275224685669,0.646215558052063,-0.4006722867488861,2023-05-16T16:01:21.493035Z,1684252881493
-0.47324338555336,1.5697991847991943,-0.14607428014278412,2023-05-16T16:01:21.507326Z,1684252881507
-0.35819488763809204,1.4835127592086792,0.1213068962097168,2023-05-16T16:01:21.529082Z,1684252881529
