ACC_X,ACC_Y,ACC_Z,DATE,UNIX_TIMESTAMP
0.2808900475502014,0.1232745572924614,-0.12150001525878906,2023-05-16T16:01:02.043834Z,1684252862043
-0.04445242881774902,0.44702231884002686,-0.22484302520751953,2023-05-16T16:01:02.063568Z,1684252862063
-0.1543494462966919,0.3594628572463989,-0.339447021484375,2023-05-16T16:01:02.082402Z,1684252862082
0.09436702728271484,0.045617759227752686,-0.39498233795166016,2023-05-16T16:01:02.103530Z,1684252862103
0.6177915930747986,-0.1691046506166458,-0.15277767181396484,2023-05-16T16:01:02.122761Z,1684252862122
0.4581407904624939,-0.16558974981307983,0.04595470428466797,2023-05-16T16:01:02.143046Z,1684252862143
0.08833706378936768,-0.009267881512641907,-0.05855369567871094,2023-05-16T16:01:02.163133Z,1684252862163
-0.09208691120147705,-0.016124099493026733,-0.23218917846679688,2023-05-16T16:01:02.187206Z,1684252862187
-0.018900394439697266,-0.24628028273582458,-0.3242206573486328,2023-05-16T16:01:02.202197Z,1684252862202
-0.1887829303741455,-0.3258751928806305,-0.32750606536865234,2023-05-16T16:01:02.221836Z,1684252862221
-0.08479052782058716,-0.1137876957654953,-0.08569622039794922,2023-05-16T16:01:02.242634Z,1684252862242
0.4998234212398529,0.23833732306957245,0.23610496520996094,2023-05-16T16:01:02.262932Z,1684252862262
1.0879788398742676,0.3122464418411255,0.40587806701660156,2023-05-16T16:01:02.286962Z,1684252862286
0.6200690865516663,0.33966952562332153,0.314300537109375,2023-05-16T16:01:02.303649Z,1684252862303
0.2775366008281708,0.6121670007705688,0.21879291534423828,2023-05-16T16:01:02.322802Z,1684252862322
0.08056584000587463,1.13437020778656,0.1697101593017578,2023-05-16T16:01:02.342840Z,1684252862342
0.6614807844161987,1.733705759048462,0.4502124786376953,2023-05-16T16:01:02.361822Z,1684252862361
2.0894110202789307,2.0878255367279053,0.988215446472168,2023-05-16T16:01:02.383317Z,1684252862383
2.9774999618530273,2.377068519592285,1.564742088317871,2023-05-16T16:01:02.403949Z,1684252862403
2.769810438156128,2.4805068969726562,1.5299272537231445,2023-05-16T16:01:02.423025Z,1684252862422
2.367502212524414,2.2217156887054443,0.7363767623901367,2023-05-16T16:01:02.443099Z,1684252862443
2.262653350830078,1.930747389793396,-0.7354106903076172,2023-05-16T16:01:02.462973Z,1684252862462
3.798128604888916,1.7602890729904175,-2.1914849281311035,2023-05-16T16:01:02.484071Z,1684252862484
4.434018135070801,1.3615593910217285,-2.774982452392578,2023-05-16T16:01:02.503130Z,1684252862503
3.638601303100586,1.0694644451141357,-3.7777047157287598,2023-05-16T16:01:02.523342Z,1684252862523
2.0213680267333984,1.1405603885650635,-4.88244104385376,2023-05-16T16:01:02.542842Z,1684252862542
1.3585548400878906,1.1113355159759521,-4.648110866546631,2023-05-16T16:01:02.563906Z,1684252862563
2.501006603240967,0.2661150395870209,-2.1983299255371094,2023-05-16T16:01:02.590157Z,1684252862590
4.544713020324707,-1.1307578086853027,0.013731956481933594,2023-05-16T16:01:02.607991Z,1684252862607
5.40967321395874,-2.525019407272339,-1.3627567291259766,2023-05-16T16:01:02.623308Z,1684252862623
2.1098709106445312,-2.7687222957611084,-2.6251258850097656,2023-05-16T16:01:02.642899Z,1684252862642
2.5615296363830566,-2.7894341945648193,-2.259214401245117,2023-05-16T16:01:02.663798Z,1684252862663
3.9683468341827393,-4.404066562652588,-0.8325681686401367,2023-05-16T16:01:02.701551Z,1684252862701
2.67291259765625,-5.330770015716553,-1.2027854919433594,2023-05-16T16:01:02.702858Z,1684252862702
2.2575607299804688,-4.292751789093018,-0.979248046875,2023-05-16T16:01:02.724379Z,1684252862724
2.020979642868042,-3.522063970565796,-1.1668519973754883,2023-05-16T16:01:02.742109Z,1684252862742
1.6654256582260132,-3.344392776489258,-1.8559727668762207,2023-05-16T16:01:02.766108Z,1684252862765
1.2719159126281738,-3.3637027740478516,-2.1694021224975586,2023-05-16T16:01:02.793743Z,1684252862793
-0.3047882914543152,-3.9402530193328857,-1.8026819229125977,2023-05-16T16:01:02.802453Z,1684252862802
-2.9323387145996094,-4.355047702789307,-2.4884886741638184,2023-05-16T16:01:02.830246Z,1684252862830
-1.9978874921798706,-3.5855655670166016,-3.1756110191345215,2023-05-16T16:01:02.842872Z,1684252862842
-1.6511425971984863,-3.6668896675109863,-3.3912620544433594,2023-05-16T16:01:02.864705Z,1684252862864
0.6279232501983643,-4.477865695953369,-3.4566221237182617,2023-05-16T16:01:02.889574Z,1684252862889
2.2575607299804688,-6.060406684875488,-1.9569334983825684,2023-05-16T16:01:02.904394Z,1684252862904
3.905801296234131,-6.574366569519043,-1.168867588043213,2023-05-16T16:01:02.923891Z,1684252862923
1.867103099822998,-7.083495140075684,-1.9547905921936035,2023-05-16T16:01:02.942392Z,1684252862942
2.54976224899292,-6.577896595001221,-0.8222470283508301,2023-05-16T16:01:02.966474Z,1684252862966
2.3739514350891113,-5.9829607009887695,0.284909725189209,2023-05-16T16:01:02.994335Z,1684252862994
1.869760513305664,-6.844937801361084,0.7291092872619629,2023-05-16T16:01:03.005579Z,1684252863005
-1.0664594173431396,-6.560801029205322,1.7432208061218262,2023-05-16T16:01:03.025410Z,1684252863025
-3.1652681827545166,-4.969053745269775,1.6041197776794434,2023-05-16T16:01:03.042841Z,1684252863042
-3.9174633026123047,-5.654642581939697,1.370889663696289,2023-05-16T16:01:03.064357Z,1684252863064
-4.01939058303833,-5.946380615234375,1.906740665435791,2023-05-16T16:01:03.093525Z,1684252863093
-4.337590217590332,-5.8544535636901855,2.307075023651123,2023-05-16T16:01:03.104529Z,1684252863104
-6.164599418640137,-6.829945087432861,2.199000835418701,2023-05-16T16:01:03.126834Z,1684252863126
-8.792771339416504,-8.937591552734375,1.561354160308838,2023-05-16T16:01:03.143912Z,1684252863143
-10.335981369018555,-6.7058186531066895,1.6398382186889648,2023-05-16T16:01:03.165903Z,1684252863165
-7.242459297180176,-7.237401962280273,1.592212200164795,2023-05-16T16:01:03.191939Z,1684252863191
-5.746451377868652,-8.380281448364258,1.630720615386963,2023-05-16T16:01:03.208719Z,1684252863208
-6.164737701416016,-9.788249969482422,2.086294651031494,2023-05-16T16:01:03.224296Z,1684252863224
-6.5561394691467285,-14.016023635864258,2.4791784286499023,2023-05-16T16:01:03.243352Z,1684252863243
-5.295492172241211,-14.244856834411621,2.217620372772217,2023-05-16T16:01:03.265693Z,1684252863265
-4.280822277069092,-14.04246997833252,1.019275188446045,2023-05-16T16:01:03.294251Z,1684252863294
-1.438511848449707,-14.86724853515625,0.33757543563842773,2023-05-16T16:01:03.307717Z,1684252863307
3.974205493927002,-16.071104049682617,0.11994266510009766,2023-05-16T16:01:03.322874Z,1684252863322
6.241234302520752,-15.50357437133789,-0.9073748588562012,2023-05-16T16:01:03.342955Z,1684252863342
5.573607444763184,-15.581772804260254,-3.563382625579834,2023-05-16T16:01:03.364142Z,1684252863364
6.42125129699707,-15.648961067199707,-5.206269264221191,2023-05-16T16:01:03.390723Z,1684252863390
6.919305801391602,-16.209518432617188,-5.701645851135254,2023-05-16T16:01:03.406699Z,1684252863406
8.04695987701416,-18.256572723388672,-6.134140968322754,2023-05-16T16:01:03.424408Z,1684252863424
8.875654220581055,-19.54364013671875,-7.871584892272949,2023-05-16T16:01:03.443193Z,1684252863443
10.36277961730957,-19.979679107666016,-8.670236587524414,2023-05-16T16:01:03.466726Z,1684252863466
12.369118690490723,-20.089765548706055,-9.717994689941406,2023-05-16T16:01:03.502043Z,1684252863501
13.926536560058594,-17.782127380371094,-10.13149642944336,2023-05-16T16:01:03.503654Z,1684252863503
14.643874168395996,-15.810189247131348,-9.924105644226074,2023-05-16T16:01:03.523186Z,1684252863523
16.161396026611328,-13.84547233581543,-8.935676574707031,2023-05-16T16:01:03.543075Z,1684252863543
17.486242294311523,-11.690767288208008,-8.734762191772461,2023-05-16T16:01:03.563495Z,1684252863563
17.750930786132812,-9.918663024902344,-9.937004089355469,2023-05-16T16:01:03.591968Z,1684252863591
16.088966369628906,-5.659750461578369,-11.951550483703613,2023-05-16T16:01:03.605125Z,1684252863605
13.336763381958008,-1.2560031414031982,-12.263504981994629,2023-05-16T16:01:03.625054Z,1684252863625
11.685385704040527,1.681947946548462,-9.911004066467285,2023-05-16T16:01:03.643604Z,1684252863643
11.06623649597168,1.9085521697998047,-9.335060119628906,2023-05-16T16:01:03.665884Z,1684252863665
9.963068008422852,3.299285411834717,-9.31371021270752,2023-05-16T16:01:03.688195Z,1684252863688
8.90884780883789,4.971172332763672,-10.197381019592285,2023-05-16T16:01:03.705496Z,1684252863705
7.669943809509277,5.475518703460693,-9.541540145874023,2023-05-16T16:01:03.724980Z,1684252863724
5.814052104949951,5.117066383361816,-7.577223777770996,2023-05-16T16:01:03.744628Z,1684252863744
3.9044885635375977,5.007004261016846,-6.068556308746338,2023-05-16T16:01:03.764957Z,1684252863764
2.4845848083496094,5.0162811279296875,-5.922566890716553,2023-05-16T16:01:03.785726Z,1684252863785
1.9123380184173584,5.1837077140808105,-5.942042350769043,2023-05-16T16:01:03.804653Z,1684252863804
2.2098684310913086,4.103074550628662,-5.536704063415527,2023-05-16T16:01:03.824769Z,1684252863824
2.8909902572631836,2.6369872093200684,-5.221042633056641,2023-05-16T16:01:03.845932Z,1684252863845
3.2929763793945312,2.2339563369750977,-5.291727066040039,2023-05-16T16:01:03.864212Z,1684252863864
2.621551036834717,2.5680289268493652,-5.407522678375244,2023-05-16T16:01:03.886360Z,1684252863886
2.14292049407959,2.3713431358337402,-5.732875347137451,2023-05-16T16:01:03.903899Z,1684252863903
1.997912049293518,2.1602578163146973,-5.996138572692871,2023-05-16T16:01:03.924882Z,1684252863924
2.9510669708251953,1.562614917755127,-5.355533123016357,2023-05-16T16:01:03.944878Z,1684252863944
3.7560033798217773,1.34307861328125,-4.942124366760254,2023-05-16T16:01:03.965626Z,1684252863965
3.9310131072998047,1.3873186111450195,-4.888779640197754,2023-05-16T16:01:03.987433Z,1684252863987
3.91044545173645,0.8138399124145508,-5.45797061920166,2023-05-16T16:01:04.003940Z,1684252864003
5.941152572631836,0.5828356742858887,-5.119718551635742,2023-05-16T16:01:04.025298Z,1684252864025
6.748599052429199,0.9104185104370117,-2.8455328941345215,2023-05-16T16:01:04.044107Z,1684252864044
5.858084678649902,0.40543174743652344,-1.7471227645874023,2023-05-16T16:01:04.065224Z,1684252864065
4.767557144165039,0.34667158126831055,-2.3147354125976562,2023-05-16T16:01:04.087753Z,1684252864087
6.103849411010742,-0.1761627197265625,-1.8483738899230957,2023-05-16T16:01:04.105330Z,1684252864105
7.370258331298828,-1.6196317672729492,-1.202761173248291,2023-05-16T16:01:04.125426Z,1684252864125
7.79365348815918,-1.729920506477356,-0.6511554718017578,2023-05-16T16:01:04.146498Z,1684252864146
7.384137153625488,-1.4664592742919922,-1.2843108177185059,2023-05-16T16:01:04.170376Z,1684252864170
9.301301956176758,-2.1950082778930664,-2.0194997787475586,2023-05-16T16:01:04.186974Z,1684252864186
8.738100051879883,-3.3771722316741943,-2.6000442504882812,2023-05-16T16:01:04.208248Z,1684252864208
7.557622909545898,-4.327051162719727,-2.696688652038574,2023-05-16T16:01:04.224453Z,1684252864224
10.149036407470703,-5.7908124923706055,-2.2501282691955566,2023-05-16T16:01:04.244361Z,1684252864244
7.401595115661621,-7.6336669921875,-2.519787311553955,2023-05-16T16:01:04.284730Z,1684252864284
6.864580154418945,-7.577730178833008,-1.6752471923828125,2023-05-16T16:01:04.287425Z,1684252864287
5.944048881530762,-8.766215324401855,-1.3009648323059082,2023-05-16T16:01:04.307632Z,1684252864307
6.780528545379639,-9.260644912719727,-0.2829704284667969,2023-05-16T16:01:04.327261Z,1684252864327
5.9421916007995605,-8.397099494934082,-0.4544649124145508,2023-05-16T16:01:04.345909Z,1684252864345
4.102363109588623,-7.761418342590332,-1.03257417678833,2023-05-16T16:01:04.365945Z,1684252864365
2.6500368118286133,-7.973962783813477,-1.4531660079956055,2023-05-16T16:01:04.390890Z,1684252864390
2.0802130699157715,-8.999643325805664,-1.8011736869812012,2023-05-16T16:01:04.406102Z,1684252864406
2.7383460998535156,-9.770711898803711,-1.2692060470581055,2023-05-16T16:01:04.425768Z,1684252864425
3.8077211380004883,-9.59354019165039,-0.358980655670166,2023-05-16T16:01:04.445076Z,1684252864444
2.227327346801758,-8.712772369384766,-0.16520404815673828,2023-05-16T16:01:04.475096Z,1684252864475
0.7967910766601562,-7.3301239013671875,-0.3140988349914551,2023-05-16T16:01:04.487445Z,1684252864487
-0.4461350440979004,-6.379914283752441,-0.9180812835693359,2023-05-16T16:01:04.506172Z,1684252864506
-1.521528720855713,-6.85276985168457,-1.392408847808838,2023-05-16T16:01:04.527138Z,1684252864527
-1.9681017398834229,-7.048723220825195,-1.279698371887207,2023-05-16T16:01:04.546756Z,1684252864546
-1.8201417922973633,-7.277126789093018,-0.7893486022949219,2023-05-16T16:01:04.574069Z,1684252864573
-0.6546506881713867,-7.171472549438477,-0.1666879653930664,2023-05-16T16:01:04.588078Z,1684252864588
-0.7466754913330078,-5.86044454574585,0.2599797248840332,2023-05-16T16:01:04.606429Z,1684252864606
-1.2159833908081055,-4.883412837982178,-0.4159564971923828,2023-05-16T16:01:04.626233Z,1684252864626
-1.3652796745300293,-4.809370517730713,-0.3516263961791992,2023-05-16T16:01:04.646428Z,1684252864646
-0.5630388259887695,-4.655816555023193,-0.259091854095459,2023-05-16T16:01:04.666245Z,1684252864666
-1.2620115280151367,-3.7003421783447266,-0.8017253875732422,2023-05-16T16:01:04.687541Z,1684252864687
-2.0083346366882324,-3.2746124267578125,-1.3898248672485352,2023-05-16T16:01:04.706534Z,1684252864706
-2.135498523712158,-3.4681267738342285,-0.9228305816650391,2023-05-16T16:01:04.725812Z,1684252864725
-2.577507972717285,-3.9277477264404297,-0.1844186782836914,2023-05-16T16:01:04.746298Z,1684252864746
-2.672311544418335,-4.485309600830078,0.06282424926757812,2023-05-16T16:01:04.766056Z,1684252864766
-2.53048038482666,-4.164113998413086,-0.10396385192871094,2023-05-16T16:01:04.785292Z,1684252864785
-2.5796594619750977,-3.240445613861084,0.36101579666137695,2023-05-16T16:01:04.806748Z,1684252864806
-2.318399667739868,-3.7405524253845215,1.3066110610961914,2023-05-16T16:01:04.825307Z,1684252864825
-1.8098382949829102,-4.984162330627441,2.088040828704834,2023-05-16T16:01:04.845322Z,1684252864845
-2.498947858810425,-5.526762962341309,2.558375835418701,2023-05-16T16:01:04.866429Z,1684252864866
-3.9598820209503174,-4.842791557312012,2.7386221885681152,2023-05-16T16:01:04.886096Z,1684252864886
-4.447806358337402,-5.127875804901123,3.325831890106201,2023-05-16T16:01:04.905592Z,1684252864905
-4.629672527313232,-6.492576599121094,3.7641029357910156,2023-05-16T16:01:04.926775Z,1684252864926
-4.099822521209717,-8.787958145141602,3.426586627960205,2023-05-16T16:01:04.946734Z,1684252864946
-3.0623366832733154,-12.280908584594727,2.8871707916259766,2023-05-16T16:01:04.969267Z,1684252864969
-2.170586109161377,-14.37920093536377,2.6563916206359863,2023-05-16T16:01:04.986650Z,1684252864986
-3.453810214996338,-16.639345169067383,3.0898728370666504,2023-05-16T16:01:05.006322Z,1684252865006
-4.699795722961426,-20.637540817260742,1.9340524673461914,2023-05-16T16:01:05.026376Z,1684252865026
-3.7658915519714355,-20.110755920410156,-0.007016658782958984,2023-05-16T16:01:05.046387Z,1684252865046
-1.064077377319336,-19.296859741210938,-2.430065631866455,2023-05-16T16:01:05.071357Z,1684252865071
1.5148096084594727,-20.319053649902344,-3.139155864715576,2023-05-16T16:01:05.089209Z,1684252865089
5.535862922668457,-22.42339324951172,-3.297916889190674,2023-05-16T16:01:05.107960Z,1684252865107
7.375237941741943,-21.938026428222656,-5.767714023590088,2023-05-16T16:01:05.125344Z,1684252865125
8.610809326171875,-22.53145408630371,-9.042241096496582,2023-05-16T16:01:05.146658Z,1684252865146
11.789057731628418,-23.354101181030273,-8.933768272399902,2023-05-16T16:01:05.179490Z,1684252865179
12.921327590942383,-22.390155792236328,-10.423320770263672,2023-05-16T16:01:05.188186Z,1684252865188
13.750009536743164,-22.081947326660156,-11.76835823059082,2023-05-16T16:01:05.207054Z,1684252865206
14.24371337890625,-19.86832618713379,-12.532794952392578,2023-05-16T16:01:05.228106Z,1684252865228
14.510680198669434,-17.687734603881836,-12.083255767822266,2023-05-16T16:01:05.245721Z,1684252865245
14.04207992553711,-15.217766761779785,-11.54146671295166,2023-05-16T16:01:05.283393Z,1684252865283
14.219242095947266,-12.517656326293945,-10.8956298828125,2023-05-16T16:01:05.292752Z,1684252865292
13.950664520263672,-10.524819374084473,-11.293783187866211,2023-05-16T16:01:05.305584Z,1684252865305
13.938173294067383,-9.134908676147461,-11.1300048828125,2023-05-16T16:01:05.325710Z,1684252865325
14.476484298706055,-8.364808082580566,-10.262380599975586,2023-05-16T16:01:05.347856Z,1684252865347
12.755565643310547,-5.730743885040283,-11.299527168273926,2023-05-16T16:01:05.384194Z,1684252865383
11.88295841217041,-3.4212288856506348,-12.347865104675293,2023-05-16T16:01:05.390110Z,1684252865390
10.467369079589844,-2.0839874744415283,-12.86854076385498,2023-05-16T16:01:05.406338Z,1684252865406
8.541316986083984,-0.7117166519165039,-13.23219108581543,2023-05-16T16:01:05.425702Z,1684252865425
7.552776336669922,0.9516363143920898,-13.114230155944824,2023-05-16T16:01:05.447546Z,1684252865447
6.798044204711914,3.0063376426696777,-10.368639945983887,2023-05-16T16:01:05.483640Z,1684252865483
3.955014944076538,4.367972373962402,-7.639240264892578,2023-05-16T16:01:05.488044Z,1684252865488
1.9487953186035156,4.53499174118042,-7.370871543884277,2023-05-16T16:01:05.507689Z,1684252865507
1.13055419921875,4.340903282165527,-8.377718925476074,2023-05-16T16:01:05.526437Z,1684252865526
1.9274163246154785,4.971675872802734,-8.721826553344727,2023-05-16T16:01:05.546051Z,1684252865545
3.147493362426758,5.290328502655029,-6.9222846031188965,2023-05-16T16:01:05.581440Z,1684252865581
3.097905397415161,4.155682563781738,-5.6227827072143555,2023-05-16T16:01:05.585915Z,1684252865585
1.8648464679718018,2.8317928314208984,-5.289858341217041,2023-05-16T16:01:05.606711Z,1684252865606
1.3799364566802979,3.2365036010742188,-5.434545040130615,2023-05-16T16:01:05.625944Z,1684252865625
1.3577110767364502,3.6699929237365723,-4.920327186584473,2023-05-16T16:01:05.646598Z,1684252865646
1.5483686923980713,3.551978588104248,-4.9850664138793945,2023-05-16T16:01:05.679326Z,1684252865679
1.9381742477416992,3.4189157485961914,-5.313302993774414,2023-05-16T16:01:05.689577Z,1684252865689
3.3227646350860596,3.405820846557617,-5.096317291259766,2023-05-16T16:01:05.706172Z,1684252865706
4.215101718902588,3.515235424041748,-4.9234490394592285,2023-05-16T16:01:05.728594Z,1684252865728
4.916211128234863,2.8630409240722656,-4.794294357299805,2023-05-16T16:01:05.746126Z,1684252865746
4.570591926574707,0.9455175399780273,-3.8912196159362793,2023-05-16T16:01:05.785836Z,1684252865785
5.229602813720703,-0.16045475006103516,-2.4920248985290527,2023-05-16T16:01:05.787145Z,1684252865787
5.646646976470947,-0.35680103302001953,-2.031708240509033,2023-05-16T16:01:05.807745Z,1684252865807
4.881741523742676,-0.9667582511901855,-2.2010483741760254,2023-05-16T16:01:05.826273Z,1684252865826
6.0558881759643555,-1.6400976181030273,-1.087632656097412,2023-05-16T16:01:05.849382Z,1684252865849
6.463562965393066,-2.434518814086914,-1.3840880393981934,2023-05-16T16:01:05.884699Z,1684252865884
5.484273433685303,-2.8212056159973145,-0.7755641937255859,2023-05-16T16:01:05.889245Z,1684252865889
5.363141059875488,-3.073390245437622,-0.32996654510498047,2023-05-16T16:01:05.909166Z,1684252865909
4.352664470672607,-3.1773154735565186,-1.2510013580322266,2023-05-16T16:01:05.926314Z,1684252865926
5.265654563903809,-3.426015853881836,-1.773409366607666,2023-05-16T16:01:05.946726Z,1684252865946
6.069827079772949,-4.508111953735352,-0.9573135375976562,2023-05-16T16:01:05.979579Z,1684252865979
6.172140121459961,-4.006700038909912,0.2343435287475586,2023-05-16T16:01:05.993576Z,1684252865993
6.0949320793151855,-2.993344783782959,0.2168436050415039,2023-05-16T16:01:06.008743Z,1684252866008
5.264398097991943,-3.6099822521209717,-1.0676546096801758,2023-05-16T16:01:06.027364Z,1684252866027
4.438821315765381,-4.066592693328857,-1.1230278015136719,2023-05-16T16:01:06.048336Z,1684252866048
3.886810779571533,-3.4896702766418457,-1.1477012634277344,2023-05-16T16:01:06.079027Z,1684252866078
4.406405925750732,-2.8548481464385986,-1.462000846862793,2023-05-16T16:01:06.088433Z,1684252866088
5.034507751464844,-3.5437674522399902,-2.1810312271118164,2023-05-16T16:01:06.106807Z,1684252866106
6.174666881561279,-4.408401012420654,-0.5925436019897461,2023-05-16T16:01:06.128995Z,1684252866128
6.941767692565918,-5.252703666687012,1.7569770812988281,2023-05-16T16:01:06.148095Z,1684252866148
6.428657531738281,-5.3674540519714355,1.8973922729492188,2023-05-16T16:01:06.174089Z,1684252866173
4.584619522094727,-4.815927028656006,0.6047983169555664,2023-05-16T16:01:06.189729Z,1684252866189
3.6103386878967285,-4.775957107543945,-0.5145683288574219,2023-05-16T16:01:06.208608Z,1684252866208
3.907651424407959,-5.539615154266357,-0.4153289794921875,2023-05-16T16:01:06.226946Z,1684252866226
4.3446760177612305,-6.3519062995910645,-0.6922636032104492,2023-05-16T16:01:06.247817Z,1684252866247
3.4709105491638184,-5.952277183532715,-1.2088651657104492,2023-05-16T16:01:06.279228Z,1684252866279
2.5829110145568848,-5.757725715637207,-1.7843432426452637,2023-05-16T16:01:06.286911Z,1684252866286
1.6702203750610352,-5.93504524230957,-2.5385546684265137,2023-05-16T16:01:06.309467Z,1684252866309
2.6075439453125,-6.678233623504639,-1.3830432891845703,2023-05-16T16:01:06.328284Z,1684252866328
3.075240135192871,-6.9412994384765625,-0.9307975769042969,2023-05-16T16:01:06.349388Z,1684252866349
1.8131990432739258,-6.888258457183838,-1.574122428894043,2023-05-16T16:01:06.380965Z,1684252866380
0.2337961196899414,-5.832590579986572,-1.760368824005127,2023-05-16T16:01:06.388051Z,1684252866388
-0.5936245918273926,-5.359280586242676,-2.106485366821289,2023-05-16T16:01:06.409719Z,1684252866409
0.13899612426757812,-5.924567222595215,-1.8403196334838867,2023-05-16T16:01:06.429485Z,1684252866429
0.3363685607910156,-5.9376702308654785,-1.5544934272766113,2023-05-16T16:01:06.447187Z,1684252866447
0.10084676742553711,-6.1385087966918945,-1.553358554840088,2023-05-16T16:01:06.476782Z,1684252866476
-0.17032289505004883,-5.914278984069824,-1.7114872932434082,2023-05-16T16:01:06.493330Z,1684252866493
-0.22067928314208984,-5.87697696685791,-1.4283480644226074,2023-05-16T16:01:06.508528Z,1684252866508
-0.01149606704711914,-6.438325881958008,-0.8077998161315918,2023-05-16T16:01:06.528508Z,1684252866528
-0.46512937545776367,-5.8861284255981445,-0.902958869934082,2023-05-16T16:01:06.549363Z,1684252866549
-1.3125324249267578,-5.020730972290039,-1.155005931854248,2023-05-16T16:01:06.577474Z,1684252866577
-0.8942723274230957,-4.962831974029541,-0.8262286186218262,2023-05-16T16:01:06.594309Z,1684252866594
-0.7348713874816895,-5.2334747314453125,-0.13374757766723633,2023-05-16T16:01:06.609067Z,1684252866609
-0.6182122230529785,-5.311697959899902,1.0949625968933105,2023-05-16T16:01:06.629296Z,1684252866629
-0.9286689758300781,-5.519402503967285,1.080904483795166,2023-05-16T16:01:06.647421Z,1684252866647
-1.6965112686157227,-5.361166477203369,1.387279987335205,2023-05-16T16:01:06.678197Z,1684252866678
-1.90986967086792,-4.9511590003967285,2.1234817504882812,2023-05-16T16:01:06.689013Z,1684252866688
-2.064833164215088,-5.029844760894775,3.084656238555908,2023-05-16T16:01:06.709917Z,1684252866709
-2.42881441116333,-5.417132377624512,3.857994556427002,2023-05-16T16:01:06.727866Z,1684252866727
-3.1290812492370605,-5.563035011291504,5.35243034362793,2023-05-16T16:01:06.747780Z,1684252866747
-2.6730098724365234,-6.855445384979248,7.0265045166015625,2023-05-16T16:01:06.772913Z,1684252866772
-2.042048931121826,-8.033851623535156,7.750136375427246,2023-05-16T16:01:06.789594Z,1684252866789
-1.5474824905395508,-9.06014347076416,7.030358791351318,2023-05-16T16:01:06.807543Z,1684252866807
-2.152890682220459,-10.267160415649414,6.069704532623291,2023-05-16T16:01:06.829303Z,1684252866829
-2.823312282562256,-12.289793014526367,5.279942035675049,2023-05-16T16:01:06.848506Z,1684252866848
-4.077001571655273,-15.540922164916992,4.069476127624512,2023-05-16T16:01:06.879505Z,1684252866879
-4.770416259765625,-17.423828125,3.4386510848999023,2023-05-16T16:01:06.888048Z,1684252866887
-4.596012115478516,-20.04690170288086,3.201988697052002,2023-05-16T16:01:06.910315Z,1684252866910
-2.81196928024292,-22.138154983520508,0.4108891487121582,2023-05-16T16:01:06.927798Z,1684252866927
0.23084020614624023,-22.817209243774414,-2.1956307888031006,2023-05-16T16:01:06.949275Z,1684252866949
4.729405879974365,-23.636993408203125,-2.041118621826172,2023-05-16T16:01:06.980373Z,1684252866980
7.371397495269775,-24.901290893554688,-3.900362014770508,2023-05-16T16:01:06.997181Z,1684252866997
9.987884521484375,-25.962989807128906,-7.726296424865723,2023-05-16T16:01:07.008076Z,1684252867008
11.177797317504883,-23.434080123901367,-7.924395561218262,2023-05-16T16:01:07.027952Z,1684252867027
11.603498458862305,-23.628965377807617,-10.749505043029785,2023-05-16T16:01:07.048082Z,1684252867048
11.594482421875,-22.85500144958496,-12.889593124389648,2023-05-16T16:01:07.085849Z,1684252867085
12.115801811218262,-20.812530517578125,-13.838062286376953,2023-05-16T16:01:07.088466Z,1684252867088
12.928848266601562,-17.896944046020508,-14.157312393188477,2023-05-16T16:01:07.108020Z,1684252867107
13.676451683044434,-14.864413261413574,-15.447982788085938,2023-05-16T16:01:07.128067Z,1684252867127
11.259833335876465,-13.166413307189941,-15.359086990356445,2023-05-16T16:01:07.148815Z,1684252867148
12.547220230102539,-11.342041015625,-13.07913875579834,2023-05-16T16:01:07.168134Z,1684252867168
13.123929977416992,-9.423812866210938,-11.814579010009766,2023-05-16T16:01:07.192749Z,1684252867192
11.870563507080078,-7.986058712005615,-13.157573699951172,2023-05-16T16:01:07.209002Z,1684252867208
9.82020378112793,-5.626099109649658,-13.925721168518066,2023-05-16T16:01:07.228178Z,1684252867228
8.673566818237305,-2.97133469581604,-11.478708267211914,2023-05-16T16:01:07.248331Z,1684252867248
7.575831413269043,-1.2798967361450195,-10.76812744140625,2023-05-16T16:01:07.279690Z,1684252867279
7.319822311401367,-0.3926992416381836,-10.756867408752441,2023-05-16T16:01:07.290894Z,1684252867290
6.8090314865112305,1.3710031509399414,-10.04361629486084,2023-05-16T16:01:07.308245Z,1684252867308
6.513503551483154,3.431300163269043,-9.177177429199219,2023-05-16T16:01:07.329490Z,1684252867328
5.667304515838623,4.4165520668029785,-8.592586517333984,2023-05-16T16:01:07.363655Z,1684252867363
3.9852075576782227,4.456827640533447,-9.521932601928711,2023-05-16T16:01:07.370194Z,1684252867370
2.7658121585845947,4.877399921417236,-9.72861385345459,2023-05-16T16:01:07.390134Z,1684252867390
2.475979804992676,5.420904636383057,-8.967761039733887,2023-05-16T16:01:07.408283Z,1684252867408
1.9977190494537354,5.180778980255127,-8.019804954528809,2023-05-16T16:01:07.428463Z,1684252867428
0.9421107769012451,4.515676498413086,-7.340857028961182,2023-05-16T16:01:07.467218Z,1684252867467
0.1682264804840088,4.211853504180908,-6.2504563331604,2023-05-16T16:01:07.470696Z,1684252867470
0.14617109298706055,3.973435878753662,-4.960856914520264,2023-05-16T16:01:07.490249Z,1684252867490
0.7112157344818115,3.5671372413635254,-4.936975955963135,2023-05-16T16:01:07.509912Z,1684252867509
0.5110390186309814,2.839414119720459,-5.924849033355713,2023-05-16T16:01:07.529096Z,1684252867528
0.11269474029541016,2.42506742477417,-6.853107929229736,2023-05-16T16:01:07.563523Z,1684252867563
0.34139156341552734,2.3094682693481445,-7.048071384429932,2023-05-16T16:01:07.571822Z,1684252867571
1.3549768924713135,1.8507308959960938,-6.264897346496582,2023-05-16T16:01:07.589033Z,1684252867588
2.49060320854187,1.0123844146728516,-5.905290126800537,2023-05-16T16:01:07.608514Z,1684252867608
2.477238416671753,0.28656482696533203,-6.905083179473877,2023-05-16T16:01:07.629635Z,1684252867629
1.8998394012451172,-0.25039243698120117,-6.340259552001953,2023-05-16T16:01:07.660236Z,1684252867660
2.963054895401001,-0.13739919662475586,-4.778240203857422,2023-05-16T16:01:07.675945Z,1684252867675
4.319003105163574,-0.6281628608703613,-4.296888828277588,2023-05-16T16:01:07.691573Z,1684252867691
5.3436102867126465,-1.3094689846038818,-5.4600067138671875,2023-05-16T16:01:07.708672Z,1684252867708
5.619852066040039,-1.978386640548706,-4.222485542297363,2023-05-16T16:01:07.728821Z,1684252867728
5.136877536773682,-2.590179443359375,-1.8856744766235352,2023-05-16T16:01:07.751622Z,1684252867751
5.133973598480225,-2.7394537925720215,-1.7734184265136719,2023-05-16T16:01:07.770902Z,1684252867770
5.2348127365112305,-2.472640037536621,-2.7157340049743652,2023-05-16T16:01:07.789262Z,1684252867789
5.539595603942871,-1.9519380331039429,-3.971121072769165,2023-05-16T16:01:07.810211Z,1684252867810
6.206748008728027,-1.8017354011535645,-3.695277214050293,2023-05-16T16:01:07.829172Z,1684252867829
6.401928901672363,-2.094991683959961,-2.6926779747009277,2023-05-16T16:01:07.849241Z,1684252867849
7.533007621765137,-2.8380939960479736,-2.3400468826293945,2023-05-16T16:01:07.870468Z,1684252867870
5.992476463317871,-3.773514747619629,-2.8897743225097656,2023-05-16T16:01:07.891026Z,1684252867890
3.8525595664978027,-4.272669315338135,-2.9269328117370605,2023-05-16T16:01:07.911703Z,1684252867911
5.899127006530762,-4.246429443359375,-2.5571091175079346,2023-05-16T16:01:07.930565Z,1684252867930
7.280496120452881,-4.484972953796387,-3.246243715286255,2023-05-16T16:01:07.950406Z,1684252867950
5.590339183807373,-5.276976108551025,-2.416086435317993,2023-05-16T16:01:07.972286Z,1684252867972
3.2451348304748535,-5.980729579925537,-2.124034881591797,2023-05-16T16:01:07.989914Z,1684252867989
2.928370475769043,-6.095556259155273,-2.609259605407715,2023-05-16T16:01:08.010434Z,1684252868010
3.0376272201538086,-5.8905720710754395,-3.0768377780914307,2023-05-16T16:01:08.029874Z,1684252868029
2.9709839820861816,-5.449563026428223,-3.0581841468811035,2023-05-16T16:01:08.055083Z,1684252868055
2.036707878112793,-4.945342063903809,-3.378779411315918,2023-05-16T16:01:08.070294Z,1684252868070
2.475074291229248,-4.8805460929870605,-2.5532095432281494,2023-05-16T16:01:08.090470Z,1684252868090
4.144980430603027,-5.094372272491455,-1.7478787899017334,2023-05-16T16:01:08.110412Z,1684252868110
3.320528030395508,-5.501481056213379,-1.943253755569458,2023-05-16T16:01:08.130499Z,1684252868130
1.807816505432129,-6.300090312957764,-2.5474853515625,2023-05-16T16:01:08.151517Z,1684252868151
0.8091945648193359,-6.562147617340088,-3.03759765625,2023-05-16T16:01:08.171825Z,1684252868171
1.6220006942749023,-6.346717834472656,-2.5237720012664795,2023-05-16T16:01:08.190759Z,1684252868190
2.57498836517334,-6.3331098556518555,-1.7029602527618408,2023-05-16T16:01:08.210816Z,1684252868210
1.5599441528320312,-6.154217720031738,-1.5748608112335205,2023-05-16T16:01:08.231256Z,1684252868231
0.43612098693847656,-5.992366313934326,-1.8002357482910156,2023-05-16T16:01:08.255315Z,1684252868255
-0.6010289192199707,-5.826385498046875,-2.007950782775879,2023-05-16T16:01:08.270945Z,1684252868270
-1.3616390228271484,-5.717429161071777,-2.4525203704833984,2023-05-16T16:01:08.291086Z,1684252868291
-1.2011137008666992,-5.980607986450195,-2.0623011589050293,2023-05-16T16:01:08.310624Z,1684252868310
-0.7006049156188965,-6.093592166900635,-1.9548977613449097,2023-05-16T16:01:08.330011Z,1684252868329
-0.9976954460144043,-6.494086265563965,-1.8926374912261963,2023-05-16T16:01:08.363136Z,1684252868362
-0.8306765556335449,-6.8139424324035645,-1.604116439819336,2023-05-16T16:01:08.371806Z,1684252868371
-0.9965596199035645,-6.639101028442383,-0.5979223251342773,2023-05-16T16:01:08.389939Z,1684252868389
-1.8503599166870117,-6.185886859893799,0.4778892993927002,2023-05-16T16:01:08.412359Z,1684252868412
-1.9862256050109863,-5.536563396453857,1.2374217510223389,2023-05-16T16:01:08.430224Z,1684252868430
-2.864572525024414,-5.26931095123291,1.9737203121185303,2023-05-16T16:01:08.460235Z,1684252868460
-2.903343677520752,-5.69342041015625,2.3395872116088867,2023-05-16T16:01:08.476799Z,1684252868476
-2.776150703430176,-6.661471366882324,2.7304463386535645,2023-05-16T16:01:08.490018Z,1684252868489
-2.3745908737182617,-7.641115188598633,3.9232983589172363,2023-05-16T16:01:08.509990Z,1684252868509
-1.5896921157836914,-8.771547317504883,5.189482688903809,2023-05-16T16:01:08.534698Z,1684252868534
-1.417271614074707,-9.90161418914795,6.560091972351074,2023-05-16T16:01:08.557562Z,1684252868557
-0.40954113006591797,-12.117000579833984,8.525557518005371,2023-05-16T16:01:08.575684Z,1684252868575
-0.3924713134765625,-14.682558059692383,9.082582473754883,2023-05-16T16:01:08.590583Z,1684252868590
-0.874293327331543,-16.746826171875,9.879427909851074,2023-05-16T16:01:08.611589Z,1684252868611
0.10407829284667969,-18.746362686157227,10.614322662353516,2023-05-16T16:01:08.632142Z,1684252868632
1.8398761749267578,-20.610206604003906,8.052970886230469,2023-05-16T16:01:08.664236Z,1684252868664
2.314713478088379,-23.256235122680664,3.725720167160034,2023-05-16T16:01:08.672123Z,1684252868672
1.8087997436523438,-25.080095291137695,0.2132568359375,2023-05-16T16:01:08.692157Z,1684252868692
4.918802261352539,-25.63423728942871,-2.5607166290283203,2023-05-16T16:01:08.710997Z,1684252868710
9.468189239501953,-25.685209274291992,-4.137385845184326,2023-05-16T16:01:08.730651Z,1684252868730
11.819165229797363,-26.87782859802246,-5.827223777770996,2023-05-16T16:01:08.753008Z,1684252868752
12.030467987060547,-28.844818115234375,-8.378244400024414,2023-05-16T16:01:08.771531Z,1684252868771
12.85377311706543,-28.822874069213867,-12.552262306213379,2023-05-16T16:01:08.791252Z,1684252868791
15.929388046264648,-26.832569122314453,-13.873919486999512,2023-05-16T16:01:08.811303Z,1684252868811
16.13431167602539,-25.416263580322266,-15.343820571899414,2023-05-16T16:01:08.833118Z,1684252868833
16.83213233947754,-23.208572387695312,-16.467418670654297,2023-05-16T16:01:08.854934Z,1684252868854
18.464820861816406,-20.66536521911621,-15.42477798461914,2023-05-16T16:01:08.871606Z,1684252868871
19.523733139038086,-17.84760284423828,-15.741690635681152,2023-05-16T16:01:08.891507Z,1684252868891
17.799659729003906,-15.160795211791992,-17.807395935058594,2023-05-16T16:01:08.911554Z,1684252868911
16.649314880371094,-11.86282730102539,-19.566246032714844,2023-05-16T16:01:08.931880Z,1684252868931
13.903031349182129,-8.428213119506836,-19.845197677612305,2023-05-16T16:01:08.955381Z,1684252868955
11.365872383117676,-5.6881818771362305,-20.686994552612305,2023-05-16T16:01:08.971942Z,1684252868971
9.795576095581055,-3.091158866882324,-21.28430938720703,2023-05-16T16:01:08.991552Z,1684252868991
7.389039993286133,-0.9302644729614258,-18.81865692138672,2023-05-16T16:01:09.011477Z,1684252869011
5.652331829071045,0.879490852355957,-15.746671676635742,2023-05-16T16:01:09.031068Z,1684252869031
5.081441879272461,2.4579577445983887,-14.154430389404297,2023-05-16T16:01:09.055068Z,1684252869054
4.636603355407715,3.753129482269287,-13.789278030395508,2023-05-16T16:01:09.072115Z,1684252869072
2.887265205383301,5.134570598602295,-14.72686767578125,2023-05-16T16:01:09.091896Z,1684252869091
1.1461395025253296,5.742336273193359,-13.92617416381836,2023-05-16T16:01:09.110825Z,1684252869110
-0.9403463006019592,5.290583610534668,-12.607358932495117,2023-05-16T16:01:09.131851Z,1684252869131
-1.9319230318069458,4.608023643493652,-10.46109390258789,2023-05-16T16:01:09.154584Z,1684252869154
-1.3673893213272095,4.321896553039551,-8.575287818908691,2023-05-16T16:01:09.172127Z,1684252869172
-0.5161865949630737,4.21091890335083,-7.341814041137695,2023-05-16T16:01:09.192488Z,1684252869192
0.20078778266906738,3.7330756187438965,-6.917185306549072,2023-05-16T16:01:09.211103Z,1684252869211
0.11675512790679932,3.178802013397217,-6.881284236907959,2023-05-16T16:01:09.230928Z,1684252869230
-0.07951593399047852,2.559753894805908,-6.891834735870361,2023-05-16T16:01:09.260455Z,1684252869260
0.15417146682739258,2.627923011779785,-7.631550312042236,2023-05-16T16:01:09.278196Z,1684252869278
1.4903711080551147,2.9778003692626953,-8.39329719543457,2023-05-16T16:01:09.292246Z,1684252869292
2.446871280670166,2.6459197998046875,-9.318351745605469,2023-05-16T16:01:09.311812Z,1684252869311
3.403369426727295,1.628373146057129,-9.339506149291992,2023-05-16T16:01:09.333488Z,1684252869333
3.9149134159088135,0.6201586723327637,-8.616703987121582,2023-05-16T16:01:09.362252Z,1684252869362
3.456916093826294,-0.08324766159057617,-6.631810188293457,2023-05-16T16:01:09.372613Z,1684252869372
3.762869358062744,-0.3654508590698242,-7.799511432647705,2023-05-16T16:01:09.391022Z,1684252869390
5.247118949890137,-0.36111974716186523,-9.947577476501465,2023-05-16T16:01:09.411038Z,1684252869410
7.491690635681152,-0.8540334701538086,-10.925030708312988,2023-05-16T16:01:09.432187Z,1684252869432
8.336726188659668,-2.246661424636841,-8.234623908996582,2023-05-16T16:01:09.467898Z,1684252869467
7.4947614669799805,-3.643596649169922,-6.873039722442627,2023-05-16T16:01:09.472686Z,1684252869472
7.6941986083984375,-4.559288024902344,-8.318307876586914,2023-05-16T16:01:09.491240Z,1684252869491
9.349373817443848,-5.242469787597656,-8.322834968566895,2023-05-16T16:01:09.511182Z,1684252869511
11.002121925354004,-5.6589155197143555,-5.187630653381348,2023-05-16T16:01:09.531587Z,1684252869531
11.474386215209961,-5.699723720550537,-4.671249866485596,2023-05-16T16:01:09.562713Z,1684252869562
10.805919647216797,-5.895569801330566,-5.2151384353637695,2023-05-16T16:01:09.571902Z,1684252869571
8.248435974121094,-6.561605453491211,-5.354423999786377,2023-05-16T16:01:09.594699Z,1684252869594
9.283639907836914,-7.077875137329102,-4.114017486572266,2023-05-16T16:01:09.611311Z,1684252869611
9.660053253173828,-7.434914588928223,-3.4725441932678223,2023-05-16T16:01:09.631488Z,1684252869631
7.014728546142578,-7.999152660369873,-3.4751174449920654,2023-05-16T16:01:09.663276Z,1684252869663
5.441328048706055,-8.880340576171875,-2.166072368621826,2023-05-16T16:01:09.674538Z,1684252869674
5.363859176635742,-8.880102157592773,-1.4056520462036133,2023-05-16T16:01:09.691925Z,1684252869691
6.459856986999512,-8.226325988769531,-0.9528295993804932,2023-05-16T16:01:09.712906Z,1684252869712
5.917768478393555,-7.460371971130371,-1.0440897941589355,2023-05-16T16:01:09.734462Z,1684252869734
3.4431629180908203,-7.293215751647949,-1.688088059425354,2023-05-16T16:01:09.763916Z,1684252869763
2.318902015686035,-6.9221601486206055,-2.294435739517212,2023-05-16T16:01:09.774907Z,1684252869774
1.2070417404174805,-6.802999973297119,-2.858837842941284,2023-05-16T16:01:09.793796Z,1684252869793
1.5878772735595703,-7.312920093536377,-1.861446738243103,2023-05-16T16:01:09.815232Z,1684252869815
1.2044763565063477,-7.5798187255859375,-1.0135509967803955,2023-05-16T16:01:09.846422Z,1684252869846
0.5807113647460938,-7.481006145477295,-0.2639937400817871,2023-05-16T16:01:09.853601Z,1684252869853
0.6099700927734375,-7.161929130554199,-0.6198025941848755,2023-05-16T16:01:09.877004Z,1684252869876
0.4763984680175781,-6.858133792877197,-0.5713756084442139,2023-05-16T16:01:09.893079Z,1684252869893
1.137430191040039,-6.58363676071167,-0.22845077514648438,2023-05-16T16:01:09.914012Z,1684252869913
0.4263420104980469,-6.6498003005981445,-1.0603258609771729,2023-05-16T16:01:09.933280Z,1684252869933
-0.1706676483154297,-6.862163066864014,-1.3538851737976074,2023-05-16T16:01:09.961600Z,1684252869961
-0.8209199905395508,-6.6607666015625,-0.7755089998245239,2023-05-16T16:01:09.980323Z,1684252869980
-1.9517269134521484,-5.8769378662109375,-0.07007026672363281,2023-05-16T16:01:09.993352Z,1684252869993
-2.369680881500244,-5.4488959312438965,0.18588566780090332,2023-05-16T16:01:10.014616Z,1684252870014
-1.7285881042480469,-5.533829212188721,0.24171066284179688,2023-05-16T16:01:10.031887Z,1684252870031
-0.3945894241333008,-5.681830406188965,0.5338214635848999,2023-05-16T16:01:10.058287Z,1684252870058
-0.30899906158447266,-5.704698085784912,0.8011137247085571,2023-05-16T16:01:10.076019Z,1684252870075
-0.45818519592285156,-5.574037075042725,0.736025333404541,2023-05-16T16:01:10.093449Z,1684252870093
-1.2306256294250488,-5.542219638824463,0.7589881420135498,2023-05-16T16:01:10.114050Z,1684252870114
-1.3797516822814941,-5.292740821838379,1.5228835344314575,2023-05-16T16:01:10.133820Z,1684252870133
-1.3537449836730957,-4.872317314147949,3.4214468002319336,2023-05-16T16:01:10.159373Z,1684252870159
-0.13338756561279297,-4.903613090515137,5.00281286239624,2023-05-16T16:01:10.174082Z,1684252870174
-0.4088296890258789,-5.597946643829346,5.4103546142578125,2023-05-16T16:01:10.193719Z,1684252870193
-1.1820588111877441,-6.146495819091797,6.101639270782471,2023-05-16T16:01:10.213957Z,1684252870213
-0.5236797332763672,-6.854937553405762,6.969275951385498,2023-05-16T16:01:10.234449Z,1684252870234
-0.13176918029785156,-8.243326187133789,8.004477500915527,2023-05-16T16:01:10.257813Z,1684252870257
0.19882678985595703,-10.523183822631836,9.159553527832031,2023-05-16T16:01:10.273898Z,1684252870273
0.9159584045410156,-14.572941780090332,10.770796775817871,2023-05-16T16:01:10.293626Z,1684252870293
0.2173776626586914,-20.37787437438965,10.990665435791016,2023-05-16T16:01:10.314624Z,1684252870314
-1.2137360572814941,-24.48529815673828,8.785682678222656,2023-05-16T16:01:10.332673Z,1684252870332
0.22795486450195312,-22.796607971191406,5.6626739501953125,2023-05-16T16:01:10.362465Z,1684252870362
3.1826677322387695,-21.536590576171875,3.547957420349121,2023-05-16T16:01:10.374656Z,1684252870374
5.183779716491699,-22.640018463134766,-0.23519468307495117,2023-05-16T16:01:10.394126Z,1684252870394
8.33376693725586,-21.839950561523438,-3.8927180767059326,2023-05-16T16:01:10.414567Z,1684252870414
8.996834754943848,-21.704174041748047,-6.273003578186035,2023-05-16T16:01:10.434598Z,1684252870434
8.531482696533203,-23.789581298828125,-7.999351501464844,2023-05-16T16:01:10.453439Z,1684252870453
7.527011871337891,-25.09757423400879,-10.804256439208984,2023-05-16T16:01:10.474524Z,1684252870474
9.354082107543945,-25.267728805541992,-12.688043594360352,2023-05-16T16:01:10.493953Z,1684252870493
13.07886791229248,-26.35860252380371,-12.244314193725586,2023-05-16T16:01:10.513358Z,1684252870513
13.14684009552002,-25.788177490234375,-13.75994873046875,2023-05-16T16:01:10.533788Z,1684252870533
12.670808792114258,-23.43988800048828,-14.652284622192383,2023-05-16T16:01:10.555467Z,1684252870555
13.356817245483398,-21.573598861694336,-16.01568603515625,2023-05-16T16:01:10.573878Z,1684252870573
14.308374404907227,-19.586870193481445,-16.99576187133789,2023-05-16T16:01:10.594755Z,1684252870594
15.47610855102539,-16.988332748413086,-16.648094177246094,2023-05-16T16:01:10.615096Z,1684252870615
14.952430725097656,-13.56104564666748,-17.38372802734375,2023-05-16T16:01:10.633215Z,1684252870633
11.627156257629395,-9.583563804626465,-19.56934928894043,2023-05-16T16:01:10.654204Z,1684252870654
8.358043670654297,-4.293174743652344,-19.39415740966797,2023-05-16T16:01:10.674654Z,1684252870674
6.06151008605957,-0.37580442428588867,-17.426536560058594,2023-05-16T16:01:10.694631Z,1684252870694
6.708259582519531,1.1458954811096191,-16.960376739501953,2023-05-16T16:01:10.714277Z,1684252870714
6.442848205566406,1.2084465026855469,-18.568967819213867,2023-05-16T16:01:10.733132Z,1684252870733
4.736006736755371,2.1061887741088867,-18.146484375,2023-05-16T16:01:10.753316Z,1684252870753
3.182586669921875,3.9954824447631836,-17.137792587280273,2023-05-16T16:01:10.774430Z,1684252870774
1.384854793548584,5.7522501945495605,-15.755504608154297,2023-05-16T16:01:10.793418Z,1684252870793
-0.9579442739486694,6.1092705726623535,-12.66547679901123,2023-05-16T16:01:10.814450Z,1684252870814
-2.4166107177734375,5.297799110412598,-10.915757179260254,2023-05-16T16:01:10.835747Z,1684252870835
-2.7425026893615723,4.3536577224731445,-9.384278297424316,2023-05-16T16:01:10.854849Z,1684252870854
-2.6457877159118652,3.423635482788086,-7.848569869995117,2023-05-16T16:01:10.876182Z,1684252870876
-2.3801419734954834,3.1323766708374023,-7.417840003967285,2023-05-16T16:01:10.895539Z,1684252870895
-2.673123598098755,3.20249080657959,-7.155072212219238,2023-05-16T16:01:10.915018Z,1684252870914
-2.3775157928466797,2.4513168334960938,-6.615604400634766,2023-05-16T16:01:10.944059Z,1684252870943
-1.2019437551498413,1.875894546508789,-6.732886791229248,2023-05-16T16:01:10.958153Z,1684252870958
-0.6336861848831177,1.9224495887756348,-7.820616722106934,2023-05-16T16:01:10.973589Z,1684252870973
-0.11856889724731445,1.8587946891784668,-9.354927062988281,2023-05-16T16:01:10.993345Z,1684252870993
1.179781436920166,1.3928751945495605,-10.506195068359375,2023-05-16T16:01:11.015137Z,1684252871015
3.153552770614624,0.5454111099243164,-10.798162460327148,2023-05-16T16:01:11.037288Z,1684252871037
5.247194766998291,-0.39654111862182617,-9.35959243774414,2023-05-16T16:01:11.059224Z,1684252871059
5.8259453773498535,-1.073880672454834,-7.006106853485107,2023-05-16T16:01:11.076572Z,1684252871076
4.9021196365356445,-1.5415425300598145,-6.977476596832275,2023-05-16T16:01:11.097187Z,1684252871094
4.818427085876465,-2.1873884201049805,-9.091964721679688,2023-05-16T16:01:11.116017Z,1684252871115
3.264860153198242,-2.9676806926727295,-10.444852828979492,2023-05-16T16:01:11.143992Z,1684252871143
3.333524227142334,-3.2122159004211426,-11.322954177856445,2023-05-16T16:01:11.155927Z,1684252871155
7.803737163543701,-3.201198101043701,-10.779098510742188,2023-05-16T16:01:11.175438Z,1684252871175
12.110937118530273,-3.617676019668579,-10.429885864257812,2023-05-16T16:01:11.196018Z,1684252871195
11.853899002075195,-4.551868915557861,-9.32447624206543,2023-05-16T16:01:11.215603Z,1684252871215
9.842195510864258,-5.668630599975586,-9.362996101379395,2023-05-16T16:01:11.244541Z,1684252871244
11.480945587158203,-6.6906232833862305,-8.18960952758789,2023-05-16T16:01:11.254605Z,1684252871254
12.72945785522461,-7.481086730957031,-6.068576335906982,2023-05-16T16:01:11.276639Z,1684252871276
8.91835880279541,-7.847622394561768,-4.350533962249756,2023-05-16T16:01:11.295785Z,1684252871295
5.934720993041992,-7.765996932983398,-5.219089031219482,2023-05-16T16:01:11.315255Z,1684252871315
5.125775337219238,-8.411962509155273,-5.5434699058532715,2023-05-16T16:01:11.350626Z,1684252871350
5.710966110229492,-9.673932075500488,-3.993253231048584,2023-05-16T16:01:11.353735Z,1684252871353
7.000332832336426,-10.651739120483398,-2.4499382972717285,2023-05-16T16:01:11.376013Z,1684252871375
6.2103118896484375,-10.867731094360352,-2.842905044555664,2023-05-16T16:01:11.395271Z,1684252871395
7.024776458740234,-10.468155860900879,-2.2965681552886963,2023-05-16T16:01:11.414503Z,1684252871414
7.417790412902832,-8.445343971252441,-0.8087620735168457,2023-05-16T16:01:11.436159Z,1684252871436
4.343813896179199,-7.63507080078125,-1.3662806749343872,2023-05-16T16:01:11.454012Z,1684252871453
0.9460916519165039,-8.313454627990723,-2.8350963592529297,2023-05-16T16:01:11.475848Z,1684252871475
-0.07668209075927734,-8.690701484680176,-4.090991973876953,2023-05-16T16:01:11.495355Z,1684252871495
0.004662513732910156,-9.132465362548828,-3.7397613525390625,2023-05-16T16:01:11.515035Z,1684252871514
0.2707052230834961,-9.713757514953613,-2.4734396934509277,2023-05-16T16:01:11.534611Z,1684252871534
0.9040212631225586,-9.871644020080566,-1.3941031694412231,2023-05-16T16:01:11.554055Z,1684252871554
0.8510847091674805,-9.57717514038086,-0.7608041167259216,2023-05-16T16:01:11.575229Z,1684252871575
0.5803022384643555,-8.99787712097168,-0.5045977830886841,2023-05-16T16:01:11.594692Z,1684252871594
-0.8942699432373047,-8.444469451904297,-0.3780585527420044,2023-05-16T16:01:11.615056Z,1684252871615
-1.6398978233337402,-8.039299964904785,-0.3087073564529419,2023-05-16T16:01:11.635337Z,1684252871635
-1.817976951599121,-7.649846076965332,0.15934216976165771,2023-05-16T16:01:11.655678Z,1684252871655
-1.8534832000732422,-7.283604621887207,0.8451632261276245,2023-05-16T16:01:11.674729Z,1684252871674
-1.386070728302002,-6.876479625701904,1.6840368509292603,2023-05-16T16:01:11.695410Z,1684252871695
-0.7771625518798828,-6.047369480133057,2.588402032852173,2023-05-16T16:01:11.715446Z,1684252871715
-0.5309944152832031,-5.249489784240723,2.9279613494873047,2023-05-16T16:01:11.738558Z,1684252871738
-0.7713222503662109,-5.17182731628418,2.6240384578704834,2023-05-16T16:01:11.755532Z,1684252871755
-1.211176872253418,-6.047866344451904,3.0753235816955566,2023-05-16T16:01:11.776326Z,1684252871776
-0.4438657760620117,-6.413802623748779,4.381009101867676,2023-05-16T16:01:11.795280Z,1684252871795
-0.1089792251586914,-6.566469192504883,5.082394599914551,2023-05-16T16:01:11.817410Z,1684252871817
-0.6235723495483398,-7.10059118270874,5.206908226013184,2023-05-16T16:01:11.841138Z,1684252871841
-0.14879417419433594,-7.301074981689453,6.460698127746582,2023-05-16T16:01:11.855297Z,1684252871855
1.3969354629516602,-7.668430328369141,8.7396821975708,2023-05-16T16:01:11.875682Z,1684252871875
2.315540313720703,-9.122566223144531,9.934322357177734,2023-05-16T16:01:11.894881Z,1684252871894
1.2574081420898438,-12.79094409942627,11.09561538696289,2023-05-16T16:01:11.914930Z,1684252871914
0.4094991683959961,-18.57285499572754,12.680656433105469,2023-05-16T16:01:11.936739Z,1684252871936
-0.22370147705078125,-23.092103958129883,11.763473510742188,2023-05-16T16:01:11.959235Z,1684252871959
-0.9480648040771484,-26.75569725036621,8.247995376586914,2023-05-16T16:01:11.976754Z,1684252871976
2.1912612915039062,-28.90448760986328,2.6034951210021973,2023-05-16T16:01:11.996588Z,1684252871996
8.868606567382812,-26.786396026611328,1.150248408317566,2023-05-16T16:01:12.015895Z,1684252872015
9.71937370300293,-26.3881778717041,-0.2525392770767212,2023-05-16T16:01:12.041468Z,1684252872041
8.8258695602417,-28.434226989746094,-3.7635552883148193,2023-05-16T16:01:12.056169Z,1684252872056
7.310956001281738,-29.13332748413086,-7.330689907073975,2023-05-16T16:01:12.075932Z,1684252872075
7.3478240966796875,-30.5820255279541,-9.688545227050781,2023-05-16T16:01:12.095856Z,1684252872095
7.609560966491699,-31.660470962524414,-13.257610321044922,2023-05-16T16:01:12.114937Z,1684252872114
10.369438171386719,-31.17938232421875,-16.849746704101562,2023-05-16T16:01:12.142818Z,1684252872142
13.777824401855469,-29.459280014038086,-16.89743995666504,2023-05-16T16:01:12.154918Z,1684252872154
12.027313232421875,-26.194461822509766,-18.013607025146484,2023-05-16T16:01:12.178034Z,1684252872177
11.221698760986328,-21.55763816833496,-19.90190315246582,2023-05-16T16:01:12.196551Z,1684252872196
12.755861282348633,-18.625307083129883,-19.93172836303711,2023-05-16T16:01:12.216335Z,1684252872216
11.675291061401367,-17.186874389648438,-20.4539852142334,2023-05-16T16:01:12.243722Z,1684252872243
9.312782287597656,-14.967470169067383,-23.153514862060547,2023-05-16T16:01:12.256413Z,1684252872256
6.947441101074219,-11.020484924316406,-24.337705612182617,2023-05-16T16:01:12.276720Z,1684252872276
4.047388553619385,-6.623875617980957,-20.117801666259766,2023-05-16T16:01:12.296629Z,1684252872296
2.6461596488952637,-3.441373109817505,-17.72018814086914,2023-05-16T16:01:12.315218Z,1684252872315
1.7940435409545898,-0.8549609184265137,-17.16277313232422,2023-05-16T16:01:12.344296Z,1684252872344
1.2952449321746826,1.1098408699035645,-17.894426345825195,2023-05-16T16:01:12.355156Z,1684252872355
0.6975011825561523,2.655782699584961,-15.581869125366211,2023-05-16T16:01:12.375136Z,1684252872375
-0.6163196563720703,4.170102119445801,-11.44727897644043,2023-05-16T16:01:12.396699Z,1684252872396
-1.5146446228027344,5.876044750213623,-8.646360397338867,2023-05-16T16:01:12.418453Z,1684252872418
-0.28714728355407715,6.617690086364746,-10.569225311279297,2023-05-16T16:01:12.445158Z,1684252872445
-0.11849594116210938,5.198854446411133,-10.235517501831055,2023-05-16T16:01:12.458512Z,1684252872458
-0.10396099090576172,3.3559670448303223,-7.704406261444092,2023-05-16T16:01:12.476908Z,1684252872476
0.28595423698425293,3.003697395324707,-6.283542156219482,2023-05-16T16:01:12.496966Z,1684252872496
-0.501528263092041,3.0748419761657715,-5.276244640350342,2023-05-16T16:01:12.517680Z,1684252872517
-0.7992680072784424,3.020954132080078,-4.720541954040527,2023-05-16T16:01:12.548486Z,1684252872548
0.13561201095581055,3.0779881477355957,-6.071946144104004,2023-05-16T16:01:12.559254Z,1684252872559
0.09767436981201172,2.8907413482666016,-7.315943717956543,2023-05-16T16:01:12.577633Z,1684252872577
0.2192223072052002,2.578934669494629,-7.774914741516113,2023-05-16T16:01:12.595518Z,1684252872595
1.3307068347930908,2.2297096252441406,-7.975827217102051,2023-05-16T16:01:12.617514Z,1684252872617
1.5914201736450195,1.855107307434082,-7.747796058654785,2023-05-16T16:01:12.645769Z,1684252872645
0.9921064376831055,1.3347578048706055,-8.119915008544922,2023-05-16T16:01:12.657305Z,1684252872657
0.5846941471099854,0.46869707107543945,-8.83971881866455,2023-05-16T16:01:12.681686Z,1684252872681
1.0382816791534424,-0.18893146514892578,-9.266270637512207,2023-05-16T16:01:12.697785Z,1684252872697
1.7935311794281006,-0.6580429077148438,-8.571586608886719,2023-05-16T16:01:12.717586Z,1684252872717
1.3775525093078613,-1.3849272727966309,-7.073550224304199,2023-05-16T16:01:12.744806Z,1684252872744
1.87717866897583,-2.5131185054779053,-5.4057393074035645,2023-05-16T16:01:12.755679Z,1684252872755
4.596963882446289,-3.259694814682007,-5.765087604522705,2023-05-16T16:01:12.777195Z,1684252872777
6.074730396270752,-3.34020733833313,-6.763184070587158,2023-05-16T16:01:12.797699Z,1684252872797
5.626798629760742,-3.0368144512176514,-7.616260528564453,2023-05-16T16:01:12.818278Z,1684252872818
6.059168338775635,-2.8398807048797607,-7.695891857147217,2023-05-16T16:01:12.844952Z,1684252872844
9.183635711669922,-2.9499239921569824,-6.53697395324707,2023-05-16T16:01:12.855869Z,1684252872855
10.847944259643555,-2.910252571105957,-5.00130033493042,2023-05-16T16:01:12.877991Z,1684252872877
7.752629280090332,-2.8073718547821045,-2.5037283897399902,2023-05-16T16:01:12.897431Z,1684252872897
5.345530033111572,-2.6922426223754883,-2.8640341758728027,2023-05-16T16:01:12.917813Z,1684252872917
5.826940536499023,-2.9071974754333496,-4.788132190704346,2023-05-16T16:01:12.949924Z,1684252872949
7.838052749633789,-3.5105483531951904,-4.412463188171387,2023-05-16T16:01:12.957450Z,1684252872957
6.931374549865723,-4.695001602172852,-4.091315269470215,2023-05-16T16:01:12.976179Z,1684252872976
5.2519731521606445,-5.8551459312438965,-3.7902016639709473,2023-05-16T16:01:12.997626Z,1684252872997
3.623826026916504,-6.614227294921875,-4.238193511962891,2023-05-16T16:01:13.018808Z,1684252873018
5.3891191482543945,-7.133479118347168,-5.3386759757995605,2023-05-16T16:01:13.047085Z,1684252873046
7.639078140258789,-7.774454116821289,-3.675302028656006,2023-05-16T16:01:13.056493Z,1684252873056
4.552014350891113,-7.734893798828125,-2.9135093688964844,2023-05-16T16:01:13.078277Z,1684252873078
2.203218460083008,-6.661832809448242,-1.5863350629806519,2023-05-16T16:01:13.096053Z,1684252873095
1.8485345840454102,-5.925364971160889,-1.9734432697296143,2023-05-16T16:01:13.118703Z,1684252873118
1.9720382690429688,-6.2297587394714355,-1.9618752002716064,2023-05-16T16:01:13.147907Z,1684252873147
2.64664363861084,-6.615075588226318,-0.906491219997406,2023-05-16T16:01:13.157133Z,1684252873157
2.480015754699707,-6.722659587860107,-0.7985503077507019,2023-05-16T16:01:13.178134Z,1684252873178
1.9147768020629883,-6.82207727432251,-1.4397227764129639,2023-05-16T16:01:13.198072Z,1684252873198
0.8990383148193359,-6.881623268127441,-1.7027620077133179,2023-05-16T16:01:13.218014Z,1684252873217
-0.122161865234375,-7.177282333374023,-1.4680253267288208,2023-05-16T16:01:13.243014Z,1684252873242
-0.5698795318603516,-7.467535495758057,-0.9399733543395996,2023-05-16T16:01:13.256633Z,1684252873256
0.020692825317382812,-7.253122806549072,-1.052495002746582,2023-05-16T16:01:13.279228Z,1684252873279
0.19039440155029297,-7.060975074768066,-1.2561185359954834,2023-05-16T16:01:13.298922Z,1684252873298
0.02952098846435547,-7.032944679260254,-1.026581048965454,2023-05-16T16:01:13.326556Z,1684252873326
-0.3652973175048828,-7.014858722686768,-0.6960340738296509,2023-05-16T16:01:13.341425Z,1684252873341
-0.29838085174560547,-6.923125267028809,-0.09820729494094849,2023-05-16T16:01:13.356441Z,1684252873356
-0.4394798278808594,-6.6463470458984375,0.2680526375770569,2023-05-16T16:01:13.376253Z,1684252873376
-0.7838335037231445,-6.344915866851807,0.9259674549102783,2023-05-16T16:01:13.398333Z,1684252873398
-1.2557621002197266,-6.2796430587768555,1.8445367813110352,2023-05-16T16:01:13.434147Z,1684252873434
-1.6533474922180176,-6.455323219299316,2.3372802734375,2023-05-16T16:01:13.438011Z,1684252873437
-0.955531120300293,-6.448617458343506,2.5548768043518066,2023-05-16T16:01:13.459795Z,1684252873459
-0.3427133560180664,-6.643642425537109,3.677663803100586,2023-05-16T16:01:13.478428Z,1684252873478
-0.3063192367553711,-7.856912612915039,5.028158664703369,2023-05-16T16:01:13.499612Z,1684252873499
1.29681396484375,-9.274210929870605,6.654922008514404,2023-05-16T16:01:13.529627Z,1684252873529
2.6594419479370117,-11.34783935546875,9.575725555419922,2023-05-16T16:01:13.537292Z,1684252873537
5.602901458740234,-13.532713890075684,13.102265357971191,2023-05-16T16:01:13.557478Z,1684252873557
4.576428413391113,-17.413127899169922,15.274011611938477,2023-05-16T16:01:13.576805Z,1684252873576
1.8359661102294922,-22.516265869140625,16.052370071411133,2023-05-16T16:01:13.598727Z,1684252873598
3.1016578674316406,-25.490055084228516,12.80460262298584,2023-05-16T16:01:13.627969Z,1684252873627
6.033635139465332,-24.024688720703125,8.909032821655273,2023-05-16T16:01:13.638004Z,1684252873637
10.00037956237793,-24.653093338012695,5.518482685089111,2023-05-16T16:01:13.658068Z,1684252873657
11.744662284851074,-26.796812057495117,1.1167700290679932,2023-05-16T16:01:13.678835Z,1684252873678
13.782674789428711,-29.861759185791016,-3.5645384788513184,2023-05-16T16:01:13.698724Z,1684252873698
16.147457122802734,-32.71475601196289,-6.273613929748535,2023-05-16T16:01:13.726442Z,1684252873726
18.214447021484375,-36.07221984863281,-10.30374813079834,2023-05-16T16:01:13.741696Z,1684252873741
19.541961669921875,-38.40225601196289,-13.135143280029297,2023-05-16T16:01:13.758711Z,1684252873758
18.59662437438965,-37.381317138671875,-16.28900718688965,2023-05-16T16:01:13.778953Z,1684252873778
18.92681884765625,-34.77892303466797,-20.468917846679688,2023-05-16T16:01:13.798873Z,1684252873798
22.517255783081055,-31.66128921508789,-22.785289764404297,2023-05-16T16:01:13.832363Z,1684252873832
18.89825439453125,-28.029150009155273,-28.17742347717285,2023-05-16T16:01:13.837275Z,1684252873837
16.9340877532959,-22.864717483520508,-28.896230697631836,2023-05-16T16:01:13.861486Z,1684252873861
14.575352668762207,-17.157733917236328,-28.446853637695312,2023-05-16T16:01:13.878871Z,1684252873878
14.511116981506348,-12.514213562011719,-29.65813636779785,2023-05-16T16:01:13.899556Z,1684252873899
12.878719329833984,-9.636224746704102,-31.518848419189453,2023-05-16T16:01:13.926094Z,1684252873926
7.472896575927734,-6.478485584259033,-28.61513900756836,2023-05-16T16:01:13.939373Z,1684252873939
3.3325982093811035,-2.954258441925049,-23.98301887512207,2023-05-16T16:01:13.957444Z,1684252873957
-0.2983510494232178,-0.744300365447998,-19.726486206054688,2023-05-16T16:01:13.977661Z,1684252873977
-2.151691436767578,1.657951831817627,-16.685033798217773,2023-05-16T16:01:13.999708Z,1684252873999
-1.8112823963165283,4.844420433044434,-16.297325134277344,2023-05-16T16:01:14.027754Z,1684252874027
-1.549696683883667,7.485461235046387,-15.800386428833008,2023-05-16T16:01:14.040731Z,1684252874040
-2.5445659160614014,8.331639289855957,-12.997858047485352,2023-05-16T16:01:14.057816Z,1684252874057
-4.003547191619873,7.745517253875732,-9.2337646484375,2023-05-16T16:01:14.077545Z,1684252874077
-4.091888904571533,6.643952369689941,-6.520624160766602,2023-05-16T16:01:14.099301Z,1684252874099
-3.1421921253204346,4.6573944091796875,-7.480652809143066,2023-05-16T16:01:14.125125Z,1684252874124
-1.6060363054275513,2.926619529724121,-3.7969560623168945,2023-05-16T16:01:14.143059Z,1684252874143
0.1428546905517578,2.115603446960449,-3.6062138080596924,2023-05-16T16:01:14.161255Z,1684252874161
1.1036970615386963,2.0440168380737305,-3.166384696960449,2023-05-16T16:01:14.178091Z,1684252874178
2.0050277709960938,1.8323068618774414,-3.9079720973968506,2023-05-16T16:01:14.199295Z,1684252874199
3.014296293258667,1.3593239784240723,-3.7674827575683594,2023-05-16T16:01:14.229788Z,1684252874229
2.8754732608795166,0.6540608406066895,-3.7149124145507812,2023-05-16T16:01:14.237725Z,1684252874237
2.5467147827148438,0.08500146865844727,-3.2589566707611084,2023-05-16T16:01:14.257774Z,1684252874257
2.0256175994873047,-0.7477927207946777,-3.138502597808838,2023-05-16T16:01:14.277533Z,1684252874277
1.9010915756225586,-1.7133455276489258,-3.389341115951538,2023-05-16T16:01:14.300036Z,1684252874299
1.8327827453613281,-2.567624092102051,-2.8673136234283447,2023-05-16T16:01:14.329224Z,1684252874329
1.292142391204834,-2.9601082801818848,-2.4579641819000244,2023-05-16T16:01:14.339719Z,1684252874339
0.3505089282989502,-2.4564590454101562,-1.163921594619751,2023-05-16T16:01:14.358020Z,1684252874357
0.35240602493286133,-1.2934489250183105,-0.8633570671081543,2023-05-16T16:01:14.379430Z,1684252874379
1.3175532817840576,-0.9686374664306641,-2.7621302604675293,2023-05-16T16:01:14.399905Z,1684252874399
1.5598208904266357,-1.2366819381713867,-3.0427634716033936,2023-05-16T16:01:14.427022Z,1684252874426
2.0285205841064453,-1.102715015411377,-0.38089895248413086,2023-05-16T16:01:14.441387Z,1684252874441
2.0144896507263184,-0.6398086547851562,0.1364450454711914,2023-05-16T16:01:14.459559Z,1684252874459
1.3305692672729492,-0.8450832366943359,-0.9555978775024414,2023-05-16T16:01:14.481912Z,1684252874481
1.2331767082214355,-1.0853371620178223,-2.493274688720703,2023-05-16T16:01:14.499764Z,1684252874499
1.5648136138916016,-1.0341777801513672,-2.2669434547424316,2023-05-16T16:01:14.520878Z,1684252874520
1.9948444366455078,-0.7402482032775879,-2.619951009750366,2023-05-16T16:01:14.540283Z,1684252874540
2.3998045921325684,-0.8398442268371582,-2.619746446609497,2023-05-16T16:01:14.558313Z,1684252874558
3.0413527488708496,-0.7121620178222656,-2.2817509174346924,2023-05-16T16:01:14.580004Z,1684252874579
2.237112522125244,-0.3036351203918457,-1.320336937904358,2023-05-16T16:01:14.599646Z,1684252874599
1.5477776527404785,-0.13692474365234375,-0.9885780811309814,2023-05-16T16:01:14.634249Z,1684252874634
0.27365684509277344,-0.5678162574768066,-1.2713093757629395,2023-05-16T16:01:14.639596Z,1684252874639
-0.08884954452514648,-0.3779301643371582,-1.680617332458496,2023-05-16T16:01:14.661280Z,1684252874661
1.2090559005737305,0.32411623001098633,-1.2718337774276733,2023-05-16T16:01:14.680093Z,1684252874680
1.7544317245483398,0.8507423400878906,-0.15890765190124512,2023-05-16T16:01:14.701107Z,1684252874700
3.141672134399414,0.9353055953979492,-1.1196461915969849,2023-05-16T16:01:14.725038Z,1684252874724
2.70474910736084,0.5231184959411621,-2.404613733291626,2023-05-16T16:01:14.739635Z,1684252874739
2.461512565612793,0.38251304626464844,-3.6217172145843506,2023-05-16T16:01:14.758370Z,1684252874758
3.4381189346313477,0.2550060749053955,-4.2179059982299805,2023-05-16T16:01:14.778612Z,1684252874778
2.6121740341186523,-0.026700973510742188,-4.7179856300354,2023-05-16T16:01:14.798557Z,1684252874798
1.3657093048095703,-0.26632893085479736,-4.846951961517334,2023-05-16T16:01:14.825658Z,1684252874825
0.04862785339355469,-0.6796497106552124,-4.916153907775879,2023-05-16T16:01:14.840655Z,1684252874840
1.4165534973144531,-1.3041183948516846,-5.186181545257568,2023-05-16T16:01:14.858420Z,1684252874858
3.8466148376464844,-1.9560003280639648,-4.805920600891113,2023-05-16T16:01:14.880523Z,1684252874880
3.861598014831543,-2.661668062210083,-5.012345790863037,2023-05-16T16:01:14.900400Z,1684252874900
1.5376625061035156,-3.2330703735351562,-5.280296325683594,2023-05-16T16:01:14.928661Z,1684252874928
-0.8102216720581055,-3.6085124015808105,-5.597006320953369,2023-05-16T16:01:14.940734Z,1684252874940
-1.088735580444336,-3.9405553340911865,-6.844913959503174,2023-05-16T16:01:14.958702Z,1684252874958
-0.5402116775512695,-4.978753566741943,-6.61610746383667,2023-05-16T16:01:14.980953Z,1684252874980
1.0778226852416992,-6.004701614379883,-5.884300231933594,2023-05-16T16:01:15.000069Z,1684252875000
2.0778379440307617,-6.878200531005859,-6.264771938323975,2023-05-16T16:01:15.034473Z,1684252875034
1.3516111373901367,-8.073785781860352,-5.988137245178223,2023-05-16T16:01:15.040016Z,1684252875039
2.0557641983032227,-9.352348327636719,-4.760038375854492,2023-05-16T16:01:15.061113Z,1684252875061
3.755155563354492,-9.669011116027832,-3.3315272331237793,2023-05-16T16:01:15.081834Z,1684252875081
3.071549415588379,-8.87081241607666,-2.573551893234253,2023-05-16T16:01:15.100423Z,1684252875100
1.901738166809082,-8.399782180786133,-1.9548288583755493,2023-05-16T16:01:15.125190Z,1684252875125
0.9871625900268555,-8.545515060424805,-1.1556378602981567,2023-05-16T16:01:15.140701Z,1684252875140
-0.7459640502929688,-8.765731811523438,-0.5611171722412109,2023-05-16T16:01:15.160131Z,1684252875160
-1.981431007385254,-8.958157539367676,-0.0589066743850708,2023-05-16T16:01:15.184583Z,1684252875184
-2.1032915115356445,-8.785078048706055,-0.34644782543182373,2023-05-16T16:01:15.209826Z,1684252875209
-0.6206541061401367,-8.530405044555664,0.282600998878479,2023-05-16T16:01:15.222914Z,1684252875222
0.4272890090942383,-7.559608459472656,1.9464941024780273,2023-05-16T16:01:15.240474Z,1684252875240
0.5816850662231445,-6.567840576171875,3.4364733695983887,2023-05-16T16:01:15.260292Z,1684252875260
0.47709178924560547,-6.6488518714904785,3.5884859561920166,2023-05-16T16:01:15.280974Z,1684252875280
-0.0886077880859375,-6.7937822341918945,3.811066150665283,2023-05-16T16:01:15.300637Z,1684252875300
0.118194580078125,-6.408949851989746,4.926340579986572,2023-05-16T16:01:15.327969Z,1684252875327
0.8189315795898438,-7.1998114585876465,6.123325347900391,2023-05-16T16:01:15.340503Z,1684252875340
2.3786754608154297,-8.756728172302246,7.413891792297363,2023-05-16T16:01:15.359103Z,1684252875359
4.454376220703125,-10.456721305847168,9.066943168640137,2023-05-16T16:01:15.379993Z,1684252875379
4.646425247192383,-13.431764602661133,11.336024284362793,2023-05-16T16:01:15.399611Z,1684252875399
5.174790382385254,-18.392963409423828,13.612737655639648,2023-05-16T16:01:15.421347Z,1684252875421
3.903573989868164,-23.58824920654297,12.875375747680664,2023-05-16T16:01:15.440431Z,1684252875440
2.018777847290039,-27.926584243774414,10.962896347045898,2023-05-16T16:01:15.459233Z,1684252875459
3.7025861740112305,-27.86371421813965,6.9932942390441895,2023-05-16T16:01:15.481837Z,1684252875481
7.960954666137695,-26.877161026000977,2.469071388244629,2023-05-16T16:01:15.500491Z,1684252875500
13.68942642211914,-27.402908325195312,-2.116443157196045,2023-05-16T16:01:15.521481Z,1684252875521
15.090414047241211,-28.117351531982422,-7.407829284667969,2023-05-16T16:01:15.540709Z,1684252875540
15.152115821838379,-26.53877830505371,-11.838105201721191,2023-05-16T16:01:15.559380Z,1684252875559
13.336779594421387,-25.81609535217285,-14.393278121948242,2023-05-16T16:01:15.580484Z,1684252875580
11.965764045715332,-26.584095001220703,-15.68922233581543,2023-05-16T16:01:15.600362Z,1684252875600
12.972827911376953,-26.688369750976562,-19.099132537841797,2023-05-16T16:01:15.622257Z,1684252875622
14.006684303283691,-24.88515853881836,-22.231388092041016,2023-05-16T16:01:15.641040Z,1684252875640
14.283588409423828,-22.274089813232422,-23.070568084716797,2023-05-16T16:01:15.660752Z,1684252875660
11.467962265014648,-18.82447624206543,-22.79227066040039,2023-05-16T16:01:15.682318Z,1684252875682
9.126911163330078,-15.180374145507812,-19.71588134765625,2023-05-16T16:01:15.707144Z,1684252875707
7.153016567230225,-12.241737365722656,-17.523195266723633,2023-05-16T16:01:15.722214Z,1684252875722
7.525892734527588,-9.74081039428711,-17.40597152709961,2023-05-16T16:01:15.740657Z,1684252875740
7.60916805267334,-8.240060806274414,-19.1789493560791,2023-05-16T16:01:15.759717Z,1684252875759
4.600815773010254,-7.432253360748291,-19.42266082763672,2023-05-16T16:01:15.782103Z,1684252875782
1.3079609870910645,-5.308177947998047,-17.00691795349121,2023-05-16T16:01:15.806951Z,1684252875806
-0.5641260147094727,-2.5021939277648926,-14.425389289855957,2023-05-16T16:01:15.822166Z,1684252875822
-0.9641482830047607,-0.3726353645324707,-14.657268524169922,2023-05-16T16:01:15.841023Z,1684252875840
-0.38181185722351074,1.4202046394348145,-14.928474426269531,2023-05-16T16:01:15.859812Z,1684252875859
-0.13995718955993652,3.2870960235595703,-11.755842208862305,2023-05-16T16:01:15.880993Z,1684252875880
0.3953673839569092,5.475006103515625,-9.665251731872559,2023-05-16T16:01:15.902479Z,1684252875902
0.17856931686401367,6.810324192047119,-9.742919921875,2023-05-16T16:01:15.928623Z,1684252875928
-1.1246213912963867,5.6088643074035645,-9.529182434082031,2023-05-16T16:01:15.946421Z,1684252875946
-2.5639376640319824,2.7729039192199707,-7.618173599243164,2023-05-16T16:01:15.961710Z,1684252875961
-3.295205593109131,2.109253406524658,-5.733316421508789,2023-05-16T16:01:15.982841Z,1684252875982
-2.8882853984832764,2.7238245010375977,-4.476865768432617,2023-05-16T16:01:16.014616Z,1684252876014
-1.8457363843917847,2.639911651611328,-3.7894933223724365,2023-05-16T16:01:16.024703Z,1684252876024
-1.045640468597412,2.293752670288086,-4.042417049407959,2023-05-16T16:01:16.041568Z,1684252876041
-0.4688596725463867,2.1379241943359375,-4.888121604919434,2023-05-16T16:01:16.060272Z,1684252876060
-0.2292635440826416,2.309812068939209,-5.656802654266357,2023-05-16T16:01:16.082249Z,1684252876082
1.0447595119476318,2.097642421722412,-6.374228477478027,2023-05-16T16:01:16.112481Z,1684252876112
1.7185075283050537,1.7490553855895996,-7.516899108886719,2023-05-16T16:01:16.126115Z,1684252876126
1.0849618911743164,0.9477066993713379,-8.754570960998535,2023-05-16T16:01:16.140277Z,1684252876140
0.4580576419830322,-0.5114388465881348,-9.727396965026855,2023-05-16T16:01:16.159988Z,1684252876159
-0.2880098819732666,-1.5620307922363281,-10.488995552062988,2023-05-16T16:01:16.182949Z,1684252876182
-0.7302043437957764,-1.9133963584899902,-10.03422737121582,2023-05-16T16:01:16.211150Z,1684252876211
0.06591606140136719,-1.7242145538330078,-8.958559036254883,2023-05-16T16:01:16.225311Z,1684252876225
1.7361884117126465,-1.5574898719787598,-8.529474258422852,2023-05-16T16:01:16.241618Z,1684252876241
3.405062198638916,-2.135782241821289,-7.2579450607299805,2023-05-16T16:01:16.260306Z,1684252876260
4.780508041381836,-2.547544002532959,-6.9527482986450195,2023-05-16T16:01:16.282804Z,1684252876282
6.6082048416137695,-2.2905659675598145,-8.868597030639648,2023-05-16T16:01:16.314155Z,1684252876313
7.219111919403076,-2.4431872367858887,-10.412962913513184,2023-05-16T16:01:16.323004Z,1684252876322
7.19834041595459,-3.384629249572754,-9.126806259155273,2023-05-16T16:01:16.342304Z,1684252876342
7.884432792663574,-4.39619255065918,-5.917231559753418,2023-05-16T16:01:16.360261Z,1684252876360
8.700281143188477,-5.056538105010986,-3.6603376865386963,2023-05-16T16:01:16.382614Z,1684252876382
8.081306457519531,-5.379840850830078,-3.630615711212158,2023-05-16T16:01:16.410887Z,1684252876410
6.407210350036621,-5.541323661804199,-4.869837760925293,2023-05-16T16:01:16.426607Z,1684252876426
6.436334609985352,-5.810735702514648,-6.720313549041748,2023-05-16T16:01:16.441949Z,1684252876441
6.3115434646606445,-6.540105819702148,-5.8847126960754395,2023-05-16T16:01:16.461725Z,1684252876461
5.5110321044921875,-7.289421081542969,-4.652802467346191,2023-05-16T16:01:16.481755Z,1684252876481
4.608119964599609,-8.133706092834473,-3.317567825317383,2023-05-16T16:01:16.504263Z,1684252876504
4.824237823486328,-8.990938186645508,-2.9711389541625977,2023-05-16T16:01:16.522176Z,1684252876522
6.504594802856445,-9.534690856933594,-0.5304869413375854,2023-05-16T16:01:16.542755Z,1684252876542
7.845481872558594,-8.693595886230469,0.8115512728691101,2023-05-16T16:01:16.560891Z,1684252876560
5.655289649963379,-6.91445779800415,1.4334145784378052,2023-05-16T16:01:16.582042Z,1684252876582
4.350428581237793,-5.54053258895874,0.8751000761985779,2023-05-16T16:01:16.606823Z,1684252876606
3.5120887756347656,-5.820382595062256,0.3791901171207428,2023-05-16T16:01:16.622686Z,1684252876622
1.4817428588867188,-6.549661636352539,-0.15541836619377136,2023-05-16T16:01:16.642350Z,1684252876642
-0.22484207153320312,-6.501605987548828,-0.5647479891777039,2023-05-16T16:01:16.661421Z,1684252876661
-0.77667236328125,-6.387368202209473,-1.2273472547531128,2023-05-16T16:01:16.682126Z,1684252876682
-0.23993301391601562,-6.593254089355469,-1.6431509256362915,2023-05-16T16:01:16.704660Z,1684252876704
0.5652980804443359,-6.817741394042969,-1.1202588081359863,2023-05-16T16:01:16.722811Z,1684252876722
0.9280691146850586,-6.555324077606201,-0.387087881565094,2023-05-16T16:01:16.741350Z,1684252876741
0.5379352569580078,-5.976905345916748,-0.2583411931991577,2023-05-16T16:01:16.762042Z,1684252876762
0.01721954345703125,-5.56082820892334,-0.8048747777938843,2023-05-16T16:01:16.782424Z,1684252876782
-0.7882966995239258,-5.316097259521484,-1.1570907831192017,2023-05-16T16:01:16.807706Z,1684252876807
-1.319488525390625,-5.101942539215088,-0.6680198311805725,2023-05-16T16:01:16.822096Z,1684252876822
-1.4461679458618164,-4.940749645233154,-0.037166886031627655,2023-05-16T16:01:16.842519Z,1684252876842
-1.0000333786010742,-4.764644622802734,0.14040885865688324,2023-05-16T16:01:16.861369Z,1684252876861
-0.6255664825439453,-4.758251190185547,-0.08057311177253723,2023-05-16T16:01:16.883472Z,1684252876883
-0.027619361877441406,-4.675090789794922,-0.37470582127571106,2023-05-16T16:01:16.908056Z,1684252876907
-0.02039813995361328,-4.698134422302246,-0.25667881965637207,2023-05-16T16:01:16.924316Z,1684252876924
0.2077617645263672,-4.766263008117676,0.36074453592300415,2023-05-16T16:01:16.943261Z,1684252876943
0.6355323791503906,-5.011751651763916,0.8803240656852722,2023-05-16T16:01:16.963815Z,1684252876963
0.5738563537597656,-5.476985454559326,1.1294862031936646,2023-05-16T16:01:16.983099Z,1684252876983
0.5495815277099609,-5.6511921882629395,1.537737488746643,2023-05-16T16:01:17.018045Z,1684252877017
0.3940544128417969,-5.755372047424316,2.524749755859375,2023-05-16T16:01:17.023509Z,1684252877023
0.5889339447021484,-5.948285102844238,3.4845776557922363,2023-05-16T16:01:17.043642Z,1684252877043
1.240717887878418,-6.135612487792969,4.540886878967285,2023-05-16T16:01:17.063823Z,1684252877063
1.9203996658325195,-6.981841087341309,5.3644819259643555,2023-05-16T16:01:17.084244Z,1684252877084
3.1610774993896484,-8.800570487976074,6.858078479766846,2023-05-16T16:01:17.114636Z,1684252877114
3.111867904663086,-11.716470718383789,8.869193077087402,2023-05-16T16:01:17.121640Z,1684252877121
5.056696891784668,-16.469890594482422,12.746788024902344,2023-05-16T16:01:17.143328Z,1684252877143
6.058086395263672,-22.20237159729004,15.758138656616211,2023-05-16T16:01:17.163352Z,1684252877163
2.410581588745117,-28.211591720581055,16.244930267333984,2023-05-16T16:01:17.185092Z,1684252877185
0.649928092956543,-30.995271682739258,10.759982109069824,2023-05-16T16:01:17.206636Z,1684252877206
5.713822364807129,-28.27594566345215,4.142690181732178,2023-05-16T16:01:17.221702Z,1684252877221
12.58727741241455,-26.83446502685547,0.7962735891342163,2023-05-16T16:01:17.243149Z,1684252877243
17.569259643554688,-26.665273666381836,-5.200854301452637,2023-05-16T16:01:17.261493Z,1684252877261
19.56261444091797,-26.875839233398438,-11.474006652832031,2023-05-16T16:01:17.282312Z,1684252877282
17.361248016357422,-26.462392807006836,-13.907275199890137,2023-05-16T16:01:17.318051Z,1684252877317
13.47774887084961,-27.54379653930664,-14.525598526000977,2023-05-16T16:01:17.323356Z,1684252877323
12.369224548339844,-28.829421997070312,-15.655855178833008,2023-05-16T16:01:17.343047Z,1684252877343
14.268381118774414,-28.58679962158203,-17.654644012451172,2023-05-16T16:01:17.361827Z,1684252877361
15.985749244689941,-27.370820999145508,-17.717161178588867,2023-05-16T16:01:17.382121Z,1684252877382
15.629871368408203,-25.047300338745117,-19.12877655029297,2023-05-16T16:01:17.416164Z,1684252877416
15.282573699951172,-22.49015998840332,-21.588611602783203,2023-05-16T16:01:17.422450Z,1684252877422
16.165037155151367,-20.32639503479004,-23.079505920410156,2023-05-16T16:01:17.444281Z,1684252877444
13.205631256103516,-17.15365982055664,-23.250850677490234,2023-05-16T16:01:17.461782Z,1684252877461
12.621099472045898,-13.879770278930664,-23.286020278930664,2023-05-16T16:01:17.484561Z,1684252877484
10.133445739746094,-10.502506256103516,-24.163537979125977,2023-05-16T16:01:17.514327Z,1684252877514
6.639123916625977,-7.164098739624023,-22.325674057006836,2023-05-16T16:01:17.523889Z,1684252877523
4.5563063621521,-4.572545051574707,-19.909889221191406,2023-05-16T16:01:17.543895Z,1684252877543
3.5423638820648193,-1.9837651252746582,-18.599502563476562,2023-05-16T16:01:17.564510Z,1684252877564
2.6045689582824707,1.5133209228515625,-18.4874324798584,2023-05-16T16:01:17.582737Z,1684252877582
1.2145895957946777,5.514126777648926,-17.72658348083496,2023-05-16T16:01:17.611623Z,1684252877611
-0.851690411567688,7.598936080932617,-14.049215316772461,2023-05-16T16:01:17.626486Z,1684252877626
-2.6553232669830322,7.094646453857422,-10.945783615112305,2023-05-16T16:01:17.643689Z,1684252877643
-4.245413780212402,5.852476119995117,-9.742240905761719,2023-05-16T16:01:17.662664Z,1684252877662
-5.2780280113220215,4.129593849182129,-10.02249526977539,2023-05-16T16:01:17.682784Z,1684252877682
-4.763177394866943,3.4224157333374023,-8.513189315795898,2023-05-16T16:01:17.713355Z,1684252877713
-2.6744980812072754,2.7220821380615234,-2.640010356903076,2023-05-16T16:01:17.723871Z,1684252877723
-0.1630077362060547,2.190768241882324,-2.913442611694336,2023-05-16T16:01:17.742400Z,1684252877742
1.0043530464172363,2.593319892883301,-3.8854799270629883,2023-05-16T16:01:17.763414Z,1684252877763
0.49918222427368164,3.2519426345825195,-5.500399112701416,2023-05-16T16:01:17.783282Z,1684252877783
0.33727550506591797,4.043693542480469,-5.083273887634277,2023-05-16T16:01:17.815957Z,1684252877815
-0.17511200904846191,3.6407628059387207,-6.041118621826172,2023-05-16T16:01:17.824054Z,1684252877824
-1.1938989162445068,2.739696502685547,-8.09432601928711,2023-05-16T16:01:17.846142Z,1684252877846
-1.979451060295105,2.0839991569519043,-9.578189849853516,2023-05-16T16:01:17.862537Z,1684252877862
-1.7339818477630615,1.2792749404907227,-10.617938995361328,2023-05-16T16:01:17.882721Z,1684252877882
-0.8509275913238525,0.2777748107910156,-10.678342819213867,2023-05-16T16:01:17.915894Z,1684252877915
-0.009864091873168945,-0.955204963684082,-10.129594802856445,2023-05-16T16:01:17.922781Z,1684252877922
0.4911680221557617,-2.2369399070739746,-10.368376731872559,2023-05-16T16:01:17.945658Z,1684252877945
1.0460047721862793,-3.3219330310821533,-10.55992317199707,2023-05-16T16:01:17.962833Z,1684252877962
3.1327085494995117,-3.9018425941467285,-10.226544380187988,2023-05-16T16:01:17.995536Z,1684252877995
5.242170333862305,-4.159646034240723,-10.487643241882324,2023-05-16T16:01:18.005455Z,1684252878005
7.40082311630249,-4.654231548309326,-9.911542892456055,2023-05-16T16:01:18.024201Z,1684252878024
7.354531764984131,-5.641245365142822,-8.137713432312012,2023-05-16T16:01:18.044486Z,1684252878044
5.8942484855651855,-6.309666633605957,-4.962701320648193,2023-05-16T16:01:18.062676Z,1684252878062
7.0568342208862305,-5.942971229553223,-6.097325325012207,2023-05-16T16:01:18.082701Z,1684252878082
8.633537292480469,-5.285541534423828,-6.433959007263184,2023-05-16T16:01:18.122693Z,1684252878119
8.51969051361084,-5.108323097229004,-5.534599781036377,2023-05-16T16:01:18.125928Z,1684252878125
8.648393630981445,-5.525725364685059,-2.451568126678467,2023-05-16T16:01:18.144603Z,1684252878144
9.24248218536377,-5.682392120361328,-2.48789119720459,2023-05-16T16:01:18.165186Z,1684252878165
8.653008460998535,-5.930891990661621,-3.1477012634277344,2023-05-16T16:01:18.201922Z,1684252878201
7.121858596801758,-6.4085693359375,-3.240607976913452,2023-05-16T16:01:18.206703Z,1684252878206
6.079619407653809,-7.019489288330078,-2.4274559020996094,2023-05-16T16:01:18.227136Z,1684252878227
6.310144424438477,-7.4427361488342285,-1.4629056453704834,2023-05-16T16:01:18.245478Z,1684252878245
4.821049690246582,-7.387076377868652,-0.759274959564209,2023-05-16T16:01:18.265297Z,1684252878265
2.8718338012695312,-6.948368072509766,-0.7237322926521301,2023-05-16T16:01:18.293845Z,1684252878293
2.60550594329834,-6.367425441741943,-0.13614141941070557,2023-05-16T16:01:18.306693Z,1684252878306
3.891326904296875,-5.442348480224609,1.0321438312530518,2023-05-16T16:01:18.323016Z,1684252878322
3.5523643493652344,-4.512675762176514,1.1117640733718872,2023-05-16T16:01:18.345236Z,1684252878345
3.290435791015625,-4.705587863922119,1.0597385168075562,2023-05-16T16:01:18.363010Z,1684252878362
3.188775062561035,-5.422989845275879,0.6329023838043213,2023-05-16T16:01:18.384521Z,1684252878383
2.436221122741699,-5.504548072814941,0.0840616226196289,2023-05-16T16:01:18.411522Z,1684252878411
0.9949541091918945,-5.3364644050598145,-0.08201384544372559,2023-05-16T16:01:18.425276Z,1684252878425
-0.21553802490234375,-5.347451210021973,-0.11602497100830078,2023-05-16T16:01:18.444388Z,1684252878444
0.07441425323486328,-5.6492438316345215,0.4904296398162842,2023-05-16T16:01:18.464543Z,1684252878464
1.6937427520751953,-5.755366325378418,1.041935682296753,2023-05-16T16:01:18.485413Z,1684252878485
1.3011016845703125,-5.133054733276367,0.881413996219635,2023-05-16T16:01:18.518979Z,1684252878518
0.17040443420410156,-4.2702555656433105,0.4082217216491699,2023-05-16T16:01:18.524782Z,1684252878524
-0.34067630767822266,-3.990765333175659,-0.016721606254577637,2023-05-16T16:01:18.546102Z,1684252878546
-0.5105037689208984,-3.8599979877471924,-0.575988233089447,2023-05-16T16:01:18.563229Z,1684252878563
-0.9037895202636719,-3.716546058654785,-1.1443302631378174,2023-05-16T16:01:18.583564Z,1684252878583
-1.700028896331787,-3.8542392253875732,-1.143566370010376,2023-05-16T16:01:18.615223Z,1684252878614
-1.727588176727295,-4.1058268547058105,-1.3824743032455444,2023-05-16T16:01:18.625316Z,1684252878625
-1.0201663970947266,-4.190061092376709,-1.7483103275299072,2023-05-16T16:01:18.645465Z,1684252878645
-0.8544998168945312,-4.370458602905273,-1.4154491424560547,2023-05-16T16:01:18.663541Z,1684252878663
-1.0439786911010742,-4.236905097961426,-1.4446048736572266,2023-05-16T16:01:18.685444Z,1684252878685
-1.3154191970825195,-3.9074747562408447,-1.5005295276641846,2023-05-16T16:01:18.712392Z,1684252878712
-1.3254890441894531,-3.659839630126953,-1.4522703886032104,2023-05-16T16:01:18.724927Z,1684252878724
-1.3737211227416992,-3.764087677001953,-0.5024644136428833,2023-05-16T16:01:18.744738Z,1684252878744
-0.6694612503051758,-4.208165168762207,0.49280259013175964,2023-05-16T16:01:18.766051Z,1684252878766
0.0905160903930664,-4.948421478271484,0.9413345456123352,2023-05-16T16:01:18.797222Z,1684252878796
-0.762476921081543,-5.998228549957275,0.43914416432380676,2023-05-16T16:01:18.806618Z,1684252878806
-0.6444969177246094,-7.503173828125,2.342221736907959,2023-05-16T16:01:18.824183Z,1684252878824
0.9874448776245117,-9.579360008239746,4.74722957611084,2023-05-16T16:01:18.845419Z,1684252878845
3.335333824157715,-12.008605003356934,6.549898624420166,2023-05-16T16:01:18.864126Z,1684252878864
3.479142189025879,-13.68698501586914,7.942216396331787,2023-05-16T16:01:18.898358Z,1684252878898
2.399686813354492,-16.066665649414062,11.622769355773926,2023-05-16T16:01:18.911359Z,1684252878911
2.8655271530151367,-19.222900390625,16.435392379760742,2023-05-16T16:01:18.925240Z,1684252878925
-0.38213348388671875,-22.571434020996094,15.690593719482422,2023-05-16T16:01:18.946324Z,1684252878946
0.4021139144897461,-21.883014678955078,8.13100814819336,2023-05-16T16:01:18.964421Z,1684252878964
4.974910736083984,-18.84511947631836,5.257444858551025,2023-05-16T16:01:19.002575Z,1684252879002
10.047098159790039,-18.236923217773438,3.4428954124450684,2023-05-16T16:01:19.009740Z,1684252879009
11.222256660461426,-19.817222595214844,-0.546018660068512,2023-05-16T16:01:19.025624Z,1684252879025
10.895933151245117,-22.36366081237793,-5.629274845123291,2023-05-16T16:01:19.045461Z,1684252879045
10.783782958984375,-23.25269317626953,-8.085256576538086,2023-05-16T16:01:19.064332Z,1684252879064
10.178616523742676,-24.590316772460938,-5.966180324554443,2023-05-16T16:01:19.085241Z,1684252879085
9.98910903930664,-27.0391902923584,-5.585890769958496,2023-05-16T16:01:19.105342Z,1684252879105
11.571788787841797,-29.27693748474121,-8.760441780090332,2023-05-16T16:01:19.125132Z,1684252879125
12.443136215209961,-30.84327507019043,-13.334598541259766,2023-05-16T16:01:19.144127Z,1684252879144
10.930380821228027,-29.78877830505371,-16.01362419128418,2023-05-16T16:01:19.164197Z,1684252879164
11.225554466247559,-26.117382049560547,-16.70592498779297,2023-05-16T16:01:19.187772Z,1684252879187
10.114289283752441,-24.041118621826172,-18.752649307250977,2023-05-16T16:01:19.204634Z,1684252879204
8.130033493041992,-20.74661636352539,-19.34470558166504,2023-05-16T16:01:19.225670Z,1684252879225
7.599748134613037,-17.139976501464844,-20.61610984802246,2023-05-16T16:01:19.245245Z,1684252879245
4.802454471588135,-14.038119316101074,-23.586563110351562,2023-05-16T16:01:19.266542Z,1684252879266
3.2577133178710938,-10.431717872619629,-22.59724235534668,2023-05-16T16:01:19.288653Z,1684252879288
2.5948948860168457,-7.789246082305908,-19.44043731689453,2023-05-16T16:01:19.305552Z,1684252879305
2.9925684928894043,-6.251655578613281,-17.5916748046875,2023-05-16T16:01:19.325455Z,1684252879325
2.671515941619873,-5.489809036254883,-16.6877498626709,2023-05-16T16:01:19.345465Z,1684252879345
1.3565783500671387,-4.361921787261963,-16.16219139099121,2023-05-16T16:01:19.364463Z,1684252879364
-0.6720407009124756,-2.3185338973999023,-15.573917388916016,2023-05-16T16:01:19.389258Z,1684252879389
-3.1498525142669678,0.18797683715820312,-15.162851333618164,2023-05-16T16:01:19.406620Z,1684252879406
-6.106926918029785,2.320784568786621,-13.08663558959961,2023-05-16T16:01:19.427501Z,1684252879427
-7.20034122467041,2.8518075942993164,-8.862947463989258,2023-05-16T16:01:19.445546Z,1684252879445
-6.182519912719727,2.0798392295837402,-6.164952278137207,2023-05-16T16:01:19.464570Z,1684252879464
-4.87719202041626,1.3819303512573242,-5.480237007141113,2023-05-16T16:01:19.487107Z,1684252879487
0.9387784004211426,2.169215679168701,0.6384153366088867,2023-05-16T16:01:19.506736Z,1684252879506
1.4375576972961426,2.922445774078369,-6.148651123046875,2023-05-16T16:01:19.524728Z,1684252879524
3.224031448364258,3.7064104080200195,-2.43497896194458,2023-05-16T16:01:19.546321Z,1684252879546
3.0107369422912598,3.1492795944213867,-2.3407278060913086,2023-05-16T16:01:19.565063Z,1684252879564
1.7225251197814941,2.212008476257324,-3.5642199516296387,2023-05-16T16:01:19.595849Z,1684252879595
-0.06645345687866211,1.2275724411010742,-4.157115459442139,2023-05-16T16:01:19.607738Z,1684252879607
-1.2211835384368896,1.0917420387268066,-4.301727771759033,2023-05-16T16:01:19.625395Z,1684252879625
-2.094027280807495,1.7956981658935547,-3.9700520038604736,2023-05-16T16:01:19.644986Z,1684252879644
-1.7321786880493164,1.8975257873535156,-3.467909097671509,2023-05-16T16:01:19.666235Z,1684252879666
0.2579169273376465,0.6609554290771484,-2.874833822250366,2023-05-16T16:01:19.695336Z,1684252879695
1.3586840629577637,-0.16443681716918945,-3.1518139839172363,2023-05-16T16:01:19.711785Z,1684252879711
0.7371683120727539,0.7169675827026367,-2.9159560203552246,2023-05-16T16:01:19.726301Z,1684252879726
0.7135019302368164,2.0539727210998535,-1.0934131145477295,2023-05-16T16:01:19.744974Z,1684252879744
2.0951457023620605,1.6687746047973633,-0.21731877326965332,2023-05-16T16:01:19.767033Z,1684252879766
2.1848816871643066,0.060375213623046875,-1.5257580280303955,2023-05-16T16:01:19.801283Z,1684252879801
0.5873799324035645,-1.158315658569336,-3.349012613296509,2023-05-16T16:01:19.805397Z,1684252879805
-0.5135936737060547,-1.0116252899169922,-1.8289809226989746,2023-05-16T16:01:19.828341Z,1684252879828
1.3519954681396484,0.21496868133544922,-0.10329484939575195,2023-05-16T16:01:19.846492Z,1684252879846
3.0090627670288086,1.0635766983032227,-0.419966459274292,2023-05-16T16:01:19.865540Z,1684252879865
2.1105690002441406,0.28035640716552734,-0.5142092704772949,2023-05-16T16:01:19.898688Z,1684252879898
1.0736651420593262,-0.7309832572937012,-0.7057790756225586,2023-05-16T16:01:19.906431Z,1684252879906
1.8708953857421875,-0.5973119735717773,-0.7038865089416504,2023-05-16T16:01:19.926757Z,1684252879926
1.722099781036377,-0.26937389373779297,-0.043143272399902344,2023-05-16T16:01:19.946372Z,1684252879946
1.014564037322998,-0.2526564598083496,-0.6974887847900391,2023-05-16T16:01:19.967630Z,1684252879967
0.7643327713012695,-0.6332693099975586,-0.010030746459960938,2023-05-16T16:01:19.996714Z,1684252879996
0.2927122116088867,-1.2032203674316406,0.23835468292236328,2023-05-16T16:01:20.011882Z,1684252880011
-0.22142553329467773,-1.623955488204956,0.08997583389282227,2023-05-16T16:01:20.027024Z,1684252880026
0.14122772216796875,-1.7595727443695068,0.014145851135253906,2023-05-16T16:01:20.045293Z,1684252880045
0.673255443572998,-1.7037482261657715,0.5221953392028809,2023-05-16T16:01:20.066135Z,1684252880066
1.2514972686767578,-1.6895283460617065,0.8355569839477539,2023-05-16T16:01:20.095045Z,1684252880094
0.9527473449707031,-1.7491923570632935,0.6485013961791992,2023-05-16T16:01:20.112130Z,1684252880112
0.30388784408569336,-1.5251104831695557,0.5536870956420898,2023-05-16T16:01:20.127099Z,1684252880127
0.7271728515625,-1.0260677337646484,1.0887269973754883,2023-05-16T16:01:20.145481Z,1684252880145
1.3747451305389404,-0.9124794602394104,1.3632926940917969,2023-05-16T16:01:20.165570Z,1684252880165
1.458791732788086,-1.2084861993789673,1.0844488143920898,2023-05-16T16:01:20.202277Z,1684252880202
0.8647782802581787,-1.4819868803024292,1.0607423782348633,2023-05-16T16:01:20.208474Z,1684252880208
0.5716266632080078,-1.6072499752044678,1.144740104675293,2023-05-16T16:01:20.227191Z,1684252880227
0.9688966274261475,-1.6122076511383057,0.9070768356323242,2023-05-16T16:01:20.245579Z,1684252880245
0.60089111328125,-1.589271068572998,0.8947820663452148,2023-05-16T16:01:20.265925Z,1684252880265
0.49225401878356934,-1.492403507232666,1.0132379531860352,2023-05-16T16:01:20.296223Z,1684252880296
0.5219149589538574,-1.5933752059936523,1.2682561874389648,2023-05-16T16:01:20.311365Z,1684252880311
0.26073455810546875,-1.9243358373641968,1.3364572525024414,2023-05-16T16:01:20.327893Z,1684252880327
0.14943337440490723,-2.2002761363983154,1.0440073013305664,2023-05-16T16:01:20.347600Z,1684252880347
0.01669454574584961,-2.1952781677246094,0.9155759811401367,2023-05-16T16:01:20.365687Z,1684252880365
-0.26661229133605957,-1.9392155408859253,0.7339754104614258,2023-05-16T16:01:20.392548Z,1684252880392
-0.4392101764678955,-1.7779309749603271,0.5805540084838867,2023-05-16T16:01:20.408144Z,1684252880408
-1.3627175092697144,-2.121687889099121,0.3865060806274414,2023-05-16T16:01:20.428404Z,1684252880428
-1.4294064044952393,-1.9423352479934692,0.1770305633544922,2023-05-16T16:01:20.448344Z,1684252880448
-1.0161274671554565,-1.4589104652404785,0.3331871032714844,2023-05-16T16:01:20.465886Z,1684252880465
-0.5799849033355713,-1.242301106452942,0.7127790451049805,2023-05-16T16:01:20.494734Z,1684252880494
-0.538001537322998,-1.1892359256744385,0.5704259872436523,2023-05-16T16:01:20.511018Z,1684252880510
-2.0385262966156006,-2.343881845474243,-2.8852295875549316,2023-05-16T16:01:20.527293Z,1684252880527
-1.1577411890029907,0.021314263343811035,-0.5799379348754883,2023-05-16T16:01:20.548370Z,1684252880548
1.231416940689087,0.7008140683174133,1.3081769943237305,2023-05-16T16:01:20.566070Z,1684252880565
1.9076428413391113,-0.09494873881340027,1.2965335845947266,2023-05-16T16:01:20.591141Z,1684252880591
0.5232880115509033,-0.7977033853530884,0.8591518402099609,2023-05-16T16:01:20.606611Z,1684252880606
-0.7283906936645508,-1.8097529411315918,0.35553932189941406,2023-05-16T16:01:20.627712Z,1684252880627
-1.7187315225601196,-0.7719907760620117,-0.2841310501098633,2023-05-16T16:01:20.647877Z,1684252880647
-1.3385488986968994,-0.6047146916389465,0.5071830749511719,2023-05-16T16:01:20.667140Z,1684252880667
0.16696429252624512,-0.4648740291595459,0.42948055267333984,2023-05-16T16:01:20.697748Z,1684252880697
0.19064998626708984,-0.03503596782684326,0.2855033874511719,2023-05-16T16:01:20.708487Z,1684252880708
-0.03585028648376465,-0.06880134344100952,0.017190933227539062,2023-05-16T16:01:20.728968Z,1684252880728
-0.31257009506225586,-0.4902169704437256,-0.29274559020996094,2023-05-16T16:01:20.748667Z,1684252880748
-0.8393996953964233,-0.5698925852775574,-0.40537357330322266,2023-05-16T16:01:20.777728Z,1684252880777
-0.5083364248275757,-0.3519091010093689,-0.5331487655639648,2023-05-16T16:01:20.792136Z,1684252880792
-0.10042679309844971,-0.5493795275688171,-0.26735591888427734,2023-05-16T16:01:20.808137Z,1684252880808
0.08874678611755371,-0.7993348240852356,-0.1029205322265625,2023-05-16T16:01:20.828650Z,1684252880828
0.11260771751403809,-0.6354354023933411,-0.013968467712402344,2023-05-16T16:01:20.848450Z,1684252880848
-0.3809058666229248,-0.23521363735198975,0.21454811096191406,2023-05-16T16:01:20.866894Z,1684252880866
-0.662505030632019,-0.2136889100074768,0.1682281494140625,2023-05-16T16:01:20.894762Z,1684252880894
-0.4585282802581787,-0.5116984844207764,0.1931295394897461,2023-05-16T16:01:20.912337Z,1684252880912
-0.3196605443954468,-0.6953473091125488,0.35112857818603516,2023-05-16T16:01:20.928087Z,1684252880928
-0.32227063179016113,-0.351448655128479,0.2832651138305664,2023-05-16T16:01:20.948518Z,1684252880948
-0.12340104579925537,-7.50422477722168E-4,0.26874542236328125,2023-05-16T16:01:20.969937Z,1684252880969
0.006805300712585449,-0.3169557452201843,0.3066072463989258,2023-05-16T16:01:20.996771Z,1684252880996
-0.006783604621887207,-0.6111779808998108,0.2419729232788086,2023-05-16T16:01:21.008721Z,1684252881008
0.07249617576599121,-0.36396312713623047,0.12399768829345703,2023-05-16T16:01:21.026690Z,1684252881026
-0.09665000438690186,0.016294896602630615,0.13065338134765625,2023-05-16T16:01:21.048427Z,1684252881048
-0.14495623111724854,-0.12183982133865356,0.1588277816772461,2023-05-16T16:01:21.067922Z,1684252881067
0.08456254005432129,-0.3520159125328064,0.2264118194580078,2023-05-16T16:01:21.095749Z,1684252881095
0.12900221347808838,-0.2809545397758484,0.36617469787597656,2023-05-16T16:01:21.108763Z,1684252881108
-0.06362056732177734,-0.003367125988006592,0.2982006072998047,2023-05-16T16:01:21.128594Z,1684252881128
-0.1577824354171753,0.12728071212768555,0.2198495864868164,2023-05-16T16:01:21.148519Z,1684252881148
-0.08834242820739746,-0.15913867950439453,0.2845449447631836,2023-05-16T16:01:21.167098Z,1684252881167
-0.22965693473815918,-0.3232283592224121,0.2635078430175781,2023-05-16T16:01:21.196084Z,1684252881196
-0.17708098888397217,-0.10591864585876465,0.21977996826171875,2023-05-16T16:01:21.208730Z,1684252881208
-0.12944114208221436,-0.10991084575653076,0.13121318817138672,2023-05-16T16:01:21.228551Z,1684252881228
-0.09818243980407715,-0.22238731384277344,0.009731292724609375,2023-05-16T16:01:21.249207Z,1684252881249
0.028180241584777832,-0.17246556282043457,0.027238845825195312,2023-05-16T16:01:21.280374Z,1684252881280
0.006285309791564941,0.05575227737426758,0.01985931396484375,2023-05-16T16:01:21.290760Z,1684252881290
-0.05881547927856445,0.047098755836486816,-0.03922748565673828,2023-05-16T16:01:21.308958Z,1684252881308
-0.10886085033416748,-0.25458329916000366,-0.03528594970703125,2023-05-16T16:01:21.329436Z,1684252881329
-0.014136552810668945,-0.23473745584487915,0.08275985717773438,2023-05-16T16:01:21.347288Z,1684252881347
0.3553597927093506,0.06551724672317505,0.19760799407958984,2023-05-16T16:01:21.377743Z,1684252881377
0.2755577564239502,0.03463989496231079,0.3753032684326172,2023-05-16T16:01:21.392968Z,1684252881392
0.08037126064300537,-0.25475192070007324,0.32229137420654297,2023-05-16T16:01:21.409152Z,1684252881409
-2.535338878631592,-2.9381723403930664,-3.529477119445801,2023-05-16T16:01:21.434049Z,1684252881434
-2.4860446453094482,0.8656308054924011,-1.0032711029052734,2023-05-16T16:01:21.449154Z,1684252881449
3.5993728637695312,3.184051513671875,1.7250862121582031,2023-05-16T16:01:21.472107Z,1684252881472
2.5462939739227295,-0.5377786755561829,1.3419456481933594,2023-05-16T16:01:21.491685Z,1684252881491
0.14949274063110352,-0.8076751828193665,1.0563602447509766,2023-05-16T16:01:21.508421Z,1684252881508
-1.0869301557540894,-0.407234787940979,0.6456794738769531,2023-05-16T16:01:21.527336Z,1684252881527
